Geographic Area,Census,Estimates Base,2010,2011,2012,2013,2014,2015,2016,2017,2018,2019
"Aberdeen village, Ohio","1,638","1,640","1,643","1,634","1,622","1,616","1,612","1,603","1,604","1,602","1,608","1,604"
"Ada village, Ohio","5,952","5,959","5,967","5,733","5,769","5,850","5,838","5,806","5,595","5,603","5,550","5,544"
"Adamsville village, Ohio",114,123,123,123,123,123,123,124,123,124,124,124
"Addyston village, Ohio",938,945,945,943,945,948,947,945,944,942,939,936
"Adelphi village, Ohio",380,380,380,377,377,378,377,375,374,376,374,375
"Adena village, Ohio",759,759,759,751,743,741,734,730,723,715,710,704
"Akron city, Ohio","199,110","199,209","199,081","199,112","198,969","198,972","199,008","198,588","198,068","198,085","197,884","197,597"
"Albany village, Ohio",828,844,844,838,872,881,886,889,893,901,891,891
"Alexandria village, Ohio",517,514,515,514,518,520,521,526,529,535,540,542
"Alger village, Ohio",860,869,871,866,854,855,855,851,847,840,843,839
"Alliance city, Ohio","22,322","22,331","22,277","22,207","22,201","22,191","22,075","22,037","21,894","21,769","21,608","21,446"
"Amanda village, Ohio",737,734,735,734,733,730,738,736,740,741,741,738
"Amberley village, Ohio","3,585","3,507","3,506","3,502","3,508","3,519","3,528","3,526","3,534","3,539","3,542","3,543"
"Amelia village, Ohio","4,801","4,805","4,813","4,845","4,863","4,889","4,910","4,923","4,954","4,983","5,016","5,039"
"Amesville village, Ohio",154,156,156,155,154,155,156,156,156,157,154,153
"Amherst city, Ohio","12,021","11,990","11,993","11,994","11,986","12,054","12,082","12,077","12,077","12,050","12,117","12,219"
"Amsterdam village, Ohio",511,511,511,504,501,496,493,491,485,480,475,472
"Andover village, Ohio","1,145","1,143","1,142","1,139","1,129","1,123","1,115","1,109","1,105","1,100","1,098","1,095"
"Anna village, Ohio","1,567","1,572","1,567","1,561","1,555","1,551","1,541","1,543","1,530","1,528","1,522","1,520"
"Ansonia village, Ohio","1,174","1,176","1,176","1,167","1,163","1,157","1,153","1,149","1,139","1,135","1,129","1,121"
"Antioch village, Ohio",86,86,86,86,86,84,85,84,81,81,80,79
"Antwerp village, Ohio","1,736","1,736","1,731","1,717","1,717","1,707","1,693","1,696","1,684","1,685","1,684","1,683"
"Apple Creek village, Ohio","1,173","1,171","1,169","1,170","1,173","1,177","1,181","1,185","1,186","1,186","1,181","1,180"
"Aquilla village, Ohio",340,340,340,339,340,340,340,338,337,339,340,338
"Arcadia village, Ohio",590,599,598,597,602,603,596,597,596,593,593,588
"Arcanum village, Ohio","2,129","2,114","2,114","2,100","2,093","2,082","2,075","2,063","2,043","2,037","2,021","2,008"
"Archbold village, Ohio","4,346","4,328","4,321","4,298","4,296","4,294","4,316","4,308","4,303","4,301","4,319","4,319"
"Arlington village, Ohio","1,455","1,465","1,463","1,463","1,470","1,467","1,460","1,462","1,460","1,456","1,450","1,442"
"Arlington Heights village, Ohio",745,752,752,748,748,750,749,747,746,747,744,741
"Ashland city, Ohio","20,362","20,379","20,526","20,528","20,526","20,377","20,268","20,349","20,438","20,481","20,407","20,275"
"Ashley village, Ohio","1,330","1,330","1,338","1,362","1,384","1,417","1,453","1,485","1,517","1,546","1,582","1,608"
"Ashtabula city, Ohio","19,124","19,125","19,103","19,011","18,799","18,653","18,482","18,334","18,251","18,131","18,094","18,017"
"Ashville village, Ohio","4,097","4,033","4,044","4,056","4,047","4,042","4,069","4,112","4,120","4,140","4,299","4,385"
"Athalia village, Ohio",373,371,371,371,370,368,366,363,361,358,356,354
"Athens city, Ohio","23,832","23,836","24,266","24,161","23,904","23,684","23,878","24,858","25,245","25,189","24,594","24,536"
"Attica village, Ohio",899,897,895,890,884,876,877,873,871,863,859,861
"Aurora city, Ohio","15,548","15,548","15,539","15,567","15,461","15,560","15,734","15,801","15,852","15,999","16,181","16,338"
"Avon city, Ohio","21,193","21,191","21,251","21,571","21,783","22,006","22,306","22,549","22,809","23,013","23,229","23,399"
"Avon Lake city, Ohio","22,581","22,581","22,609","22,773","22,829","22,989","23,205","23,456","23,656","24,147","24,363","24,504"
"Bailey Lakes village, Ohio",371,373,373,370,369,369,370,370,370,370,369,365
"Bainbridge village, Ohio",860,862,862,859,859,857,853,853,851,849,850,850
"Bairdstown village, Ohio",130,130,130,131,131,132,132,133,133,133,133,134
"Baltic village, Ohio",795,785,785,783,783,782,784,789,785,783,779,776
"Baltimore village, Ohio","2,966","2,988","2,989","2,994","2,985","2,974","2,980","2,978","2,988","2,998","2,999","3,004"
"Barberton city, Ohio","26,550","26,548","26,525","26,415","26,321","26,355","26,334","26,252","26,156","26,115","26,043","25,953"
"Barnesville village, Ohio","4,193","4,196","4,194","4,182","4,157","4,150","4,143","4,120","4,097","4,067","4,034","3,998"
"Barnhill village, Ohio",396,396,396,396,393,394,394,395,394,393,391,391
"Batavia village, Ohio","1,509","1,929","1,931","1,939","1,942","1,950","1,956","1,959","1,965","1,971","1,978","1,983"
"Batesville village, Ohio",71,101,101,102,101,100,99,98,100,97,96,99
"Bay View village, Ohio",632,632,631,627,625,621,618,613,609,605,603,602
"Bay Village city, Ohio","15,651","15,651","15,629","15,546","15,491","15,483","15,468","15,428","15,376","15,335","15,271","15,194"
"Beach City village, Ohio","1,033","1,024","1,023","1,017","1,016","1,013","1,010","1,004",997,989,986,981
"Beachwood city, Ohio","11,953","11,926","11,908","11,844","11,814","11,800","11,783","11,740","11,697","11,667","11,638","11,590"
"Beallsville village, Ohio",409,409,408,407,405,405,400,397,393,389,383,380
"Beaver village, Ohio",449,449,449,447,446,444,443,440,440,437,437,432
"Beavercreek city, Ohio","45,193","45,198","45,227","45,781","45,950","45,869","46,025","46,216","46,469","46,958","47,326","47,741"
"Beaverdam village, Ohio",382,385,385,383,380,380,379,374,374,372,372,371
"Bedford city, Ohio","13,074","13,077","13,054","12,970","12,913","12,881","12,833","12,768","12,703","12,620","12,541","12,457"
"Bedford Heights city, Ohio","10,751","10,757","10,740","10,692","10,654","10,728","10,726","10,680","10,631","10,576","10,519","10,460"
"Bellaire village, Ohio","4,278","4,275","4,271","4,253","4,221","4,206","4,191","4,162","4,144","4,103","4,064","4,013"
"Bellbrook city, Ohio","6,943","6,962","6,965","7,052","7,076","7,061","7,085","7,113","7,151","7,226","7,280","7,344"
"Belle Center village, Ohio",813,813,811,808,803,802,805,802,803,809,810,818
"Bellefontaine city, Ohio","13,370","13,364","13,331","13,290","13,221","13,213","13,222","13,159","13,114","13,122","13,157","13,249"
"Belle Valley village, Ohio",223,224,224,226,225,222,219,220,219,217,215,218
"Bellevue city, Ohio","8,202","8,221","8,208","8,176","8,141","8,080","8,038","7,990","7,966","7,946","7,920","7,891"
"Bellville village, Ohio","1,918","1,922","1,917","1,902","1,894","1,888","1,881","1,876","1,875","1,870","1,896","1,931"
"Belmont village, Ohio",453,451,451,448,448,445,446,444,444,439,440,434
"Belmore village, Ohio",143,152,152,151,150,149,147,146,146,147,144,144
"Beloit village, Ohio",978,978,976,970,961,957,951,946,939,935,930,924
"Belpre city, Ohio","6,441","6,441","6,433","6,431","6,419","6,413","6,413","6,443","6,428","6,412","6,388","6,386"
"Bentleyville village, Ohio",864,864,863,864,859,859,857,854,854,853,849,846
"Benton Ridge village, Ohio",299,297,296,296,298,296,295,297,294,295,294,292
"Berea city, Ohio","19,093","19,080","19,135","19,127","19,030","19,015","19,021","18,905","18,916","18,824","18,627","18,609"
"Bergholz village, Ohio",664,664,664,655,649,646,642,638,634,625,620,615
"Berkey village, Ohio",237,240,240,239,235,235,236,237,234,233,232,236
"Berlin Heights village, Ohio",714,714,713,708,708,708,710,708,707,711,716,713
"Bethel village, Ohio","2,711","2,706","2,709","2,726","2,734","2,745","2,754","2,759","2,775","2,785","2,801","2,811"
"Bethesda village, Ohio","1,256","1,257","1,255","1,256","1,254","1,258","1,257","1,250","1,245","1,235","1,226","1,212"
"Bettsville village, Ohio",661,656,654,651,646,641,638,637,633,629,625,622
"Beverly village, Ohio","1,313","1,312","1,311","1,308","1,303","1,299","1,296","1,306","1,316","1,319","1,320","1,332"
"Bexley city, Ohio","13,057","13,054","13,063","13,191","13,327","13,536","13,605","13,737","13,784","13,828","13,830","13,770"
"Blakeslee village, Ohio",96,95,95,95,95,95,94,94,93,93,93,91
"Blanchester village, Ohio","4,243","4,261","4,246","4,245","4,239","4,246","4,245","4,242","4,253","4,266","4,274","4,262"
"Bloomdale village, Ohio",678,678,676,679,682,683,685,684,683,683,682,683
"Bloomingburg village, Ohio",938,938,937,932,928,926,920,921,921,919,920,915
"Bloomingdale village, Ohio",202,202,202,200,199,198,195,194,193,191,189,188
"Bloomville village, Ohio",956,956,954,949,939,936,932,928,925,918,913,911
"Blue Ash city, Ohio","12,114","12,087","12,082","12,058","12,076","12,102","12,126","12,144","12,218","12,279","12,324","12,372"
"Bluffton village, Ohio","4,125","4,200","4,339","4,281","4,268","4,222","4,227","4,186","4,178","4,139","4,076","4,082"
"Bolivar village, Ohio",994,994,994,991,989,988,987,985,983,978,973,970
"Boston Heights village, Ohio","1,300","1,317","1,319","1,313","1,313","1,316","1,318","1,316","1,313","1,315","1,314","1,314"
"Botkins village, Ohio","1,155","1,168","1,165","1,161","1,156","1,155","1,151","1,149","1,146","1,148","1,153","1,158"
"Bowerston village, Ohio",398,398,397,395,393,392,389,386,383,383,380,378
"Bowersville village, Ohio",312,333,333,335,333,331,332,332,333,330,330,330
"Bowling Green city, Ohio","30,028","30,056","30,485","31,106","31,768","31,709","31,592","31,266","31,449","31,827","31,553","31,504"
"Bradford village, Ohio","1,842","1,865","1,862","1,859","1,857","1,855","1,859","1,857","1,855","1,860","1,862","1,866"
"Bradner village, Ohio",985,985,985,992,997,"1,002","1,007","1,009","1,011","1,012","1,016","1,018"
"Bratenahl village, Ohio","1,197","1,204","1,202","1,195","1,191","1,188","1,186","1,183","1,179","1,172","1,166","1,159"
"Brecksville city, Ohio","13,656","13,651","13,634","13,566","13,524","13,519","13,490","13,456","13,459","13,613","13,601","13,604"
"Bremen village, Ohio","1,425","1,426","1,427","1,441","1,439","1,437","1,438","1,437","1,441","1,447","1,450","1,452"
"Brewster village, Ohio","2,112","2,168","2,166","2,161","2,163","2,167","2,173","2,169","2,166","2,158","2,157","2,153"
"Brice village, Ohio",114,116,116,117,118,119,117,121,119,120,120,120
"Bridgeport village, Ohio","1,831","1,839","1,837","1,832","1,818","1,810","1,805","1,793","1,785","1,765","1,749","1,728"
"Broadview Heights city, Ohio","19,400","19,397","19,374","19,318","19,293","19,320","19,291","19,255","19,249","19,212","19,168","19,102"
"Brooklyn city, Ohio","11,169","11,169","11,151","11,080","11,033","11,009","10,968","10,914","10,859","10,786","10,718","10,646"
"Brooklyn Heights village, Ohio","1,543","1,539","1,537","1,527","1,521","1,527","1,529","1,525","1,517","1,512","1,509","1,497"
"Brook Park city, Ohio","19,212","19,212","19,185","19,073","19,005","18,983","18,918","18,830","18,736","18,615","18,502","18,382"
"Brookside village, Ohio",632,614,614,611,605,603,601,597,594,589,583,575
"Brookville city, Ohio","5,884","5,872","5,871","5,859","5,857","5,852","5,873","5,879","5,880","5,885","5,881","5,874"
"Broughton village, Ohio",120,120,120,118,118,117,116,116,115,115,114,113
"Brunswick city, Ohio","34,255","34,288","34,273","34,445","34,373","34,497","34,578","34,641","34,651","34,843","34,877","34,880"
"Bryan city, Ohio","8,545","8,442","8,412","8,428","8,412","8,394","8,334","8,298","8,285","8,234","8,247","8,230"
"Buchtel village, Ohio",558,557,557,558,555,559,561,564,566,569,567,567
"Buckeye Lake village, Ohio","2,746","2,743","2,745","2,743","2,736","2,751","2,768","2,785","2,802","2,820","2,853","2,871"
"Buckland village, Ohio",233,235,235,234,231,231,230,230,227,228,224,222
"Bucyrus city, Ohio","12,362","12,386","12,379","12,258","12,111","12,097","12,012","11,991","11,923","11,816","11,758","11,764"
"Burbank village, Ohio",207,205,205,204,205,203,203,203,201,200,198,198
"Burgoon village, Ohio",172,175,175,174,174,170,170,169,168,168,164,164
"Burkettsville village, Ohio",244,244,244,243,245,247,252,253,261,262,267,273
"Burton village, Ohio","1,455","1,452","1,452","1,449","1,456","1,456","1,457","1,456","1,455","1,454","1,455","1,451"
"Butler village, Ohio",933,925,923,914,911,907,904,900,897,893,895,894
"Butlerville village, Ohio",163,165,165,166,166,164,163,163,163,163,162,162
"Byesville village, Ohio","2,438","2,444","2,442","2,433","2,430","2,418","2,415","2,392","2,379","2,367","2,363","2,352"
"Cadiz village, Ohio","3,353","3,351","3,343","3,335","3,312","3,293","3,274","3,247","3,214","3,201","3,190","3,161"
"Cairo village, Ohio",524,552,551,554,550,547,545,539,536,533,528,523
"Caldwell village, Ohio","1,748","1,750","1,735","1,751","1,737","1,827","1,762","1,718","1,715","1,692","1,699","1,712"
"Caledonia village, Ohio",577,582,582,577,571,566,564,560,558,555,558,557
"Cambridge city, Ohio","10,635","10,636","10,714","10,580","10,567","10,519","10,519","10,455","10,412","10,364","10,336","10,289"
"Camden village, Ohio","2,046","2,044","2,039","2,030","2,019","2,008","2,001","1,991","1,984","1,983","1,979","1,973"
"Campbell city, Ohio","8,235","8,237","8,219","8,182","8,121","8,084","8,048","7,992","7,928","7,891","7,845","7,785"
"Canal Fulton city, Ohio","5,479","5,432","5,430","5,422","5,429","5,441","5,440","5,430","5,398","5,412","5,409","5,408"
"Canal Winchester city, Ohio","7,101","7,117","7,144","7,286","7,431","7,598","7,772","7,877","7,976","8,319","8,598","8,818"
"Canfield city, Ohio","7,515","7,539","7,525","7,497","7,447","7,419","7,390","7,344","7,293","7,264","7,225","7,176"
"Canton city, Ohio","73,007","73,403","73,427","73,181","73,147","72,915","72,634","72,173","71,629","71,156","70,752","70,447"
"Cardington village, Ohio","2,047","2,041","2,041","2,040","2,040","2,038","2,043","2,042","2,038","2,038","2,055","2,071"
"Carey village, Ohio","3,674","3,676","3,672","3,679","3,666","3,649","3,617","3,599","3,583","3,588","3,569","3,554"
"Carlisle village, Ohio","4,915","4,940","4,954","5,008","5,056","5,131","5,198","5,253","5,316","5,342","5,402","5,446"
"Carroll village, Ohio",524,531,531,533,532,531,531,532,537,566,566,566
"Carrollton village, Ohio","3,241","3,242","3,244","3,242","3,212","3,181","3,169","3,123","3,109","3,076","3,046","3,026"
"Casstown village, Ohio",267,267,267,267,268,269,268,269,272,274,273,278
"Castalia village, Ohio",852,850,849,844,839,833,832,829,825,821,818,815
"Castine village, Ohio",130,142,142,141,141,140,139,139,137,137,136,135
"Catawba village, Ohio",272,285,285,284,282,281,281,280,275,274,276,273
"Cecil village, Ohio",188,188,188,186,185,182,182,182,181,180,179,178
"Cedarville village, Ohio","4,019","3,967","3,974","4,025","4,029","4,005","4,125","4,154","4,111","4,040","4,111","4,320"
"Celina city, Ohio","10,400","10,410","10,412","10,368","10,353","10,332","10,343","10,317","10,275","10,286","10,294","10,425"
"Centerburg village, Ohio","1,773","1,773","1,775","1,828","1,861","1,920","1,981","2,044","2,107","2,182","2,216","2,226"
"Centerville (Thurman) village, Ohio",103,103,103,103,103,102,102,99,99,99,98,98
"Centerville city, Ohio","23,999","24,003","24,002","23,955","23,940","23,938","23,875","23,844","23,817","23,783","23,745","23,703"
"Chagrin Falls village, Ohio","4,113","4,104","4,099","4,078","4,067","4,059","4,045","4,025","4,004","3,980","3,957","3,941"
"Chardon city, Ohio","5,148","5,148","5,147","5,141","5,166","5,171","5,177","5,172","5,168","5,171","5,173","5,159"
"Chatfield village, Ohio",189,187,187,185,183,185,184,184,183,179,178,178
"Chauncey village, Ohio","1,049","1,037","1,037","1,036","1,029","1,035","1,038","1,043","1,040","1,046","1,038","1,035"
"Chesapeake village, Ohio",745,745,745,744,739,736,732,723,718,711,707,702
"Cheshire village, Ohio",132,132,132,132,132,131,130,129,129,129,128,128
"Chesterhill village, Ohio",289,289,289,289,286,285,280,280,281,278,276,275
"Chesterville village, Ohio",228,228,228,228,228,225,225,228,227,224,230,232
"Cheviot city, Ohio","8,375","8,347","8,339","8,307","8,305","8,310","8,308","8,287","8,280","8,267","8,237","8,209"
"Chickasaw village, Ohio",290,287,289,290,290,289,293,293,292,292,293,292
"Chillicothe city, Ohio","21,901","21,931","21,925","21,875","21,867","21,863","21,782","21,781","21,711","21,682","21,705","21,722"
"Chilo village, Ohio",63,63,63,64,64,64,64,65,65,66,65,67
"Chippewa Lake village, Ohio",711,710,711,715,716,721,726,727,731,738,740,745
"Christiansburg village, Ohio",526,533,532,527,523,520,515,512,507,508,504,505
"Cincinnati city, Ohio","296,943","297,025","296,980","296,187","296,900","297,905","298,626","299,439","299,748","301,587","302,277","303,940"
"Circleville city, Ohio","13,314","13,506","13,498","13,571","13,580","13,642","13,711","13,826","13,868","13,929","13,984","14,050"
"Clarington village, Ohio",384,385,385,385,381,381,378,378,373,370,364,363
"Clarksburg village, Ohio",455,452,452,449,449,449,446,446,445,445,443,444
"Clarksville village, Ohio",548,546,544,544,543,546,546,545,548,549,551,549
"Clay Center village, Ohio",276,274,273,308,310,310,310,311,308,305,305,302
"Clayton city, Ohio","13,209","13,248","13,250","13,227","13,221","13,217","13,191","13,178","13,187","13,202","13,219","13,222"
"Cleveland city, Ohio","396,815","396,665","395,926","392,667","391,550","391,792","390,871","389,244","387,662","385,252","383,214","381,009"
"Cleveland Heights city, Ohio","46,121","46,268","46,176","45,865","45,651","45,523","45,359","45,134","44,885","44,587","44,300","43,992"
"Cleves village, Ohio","3,234","3,243","3,247","3,261","3,283","3,304","3,323","3,346","3,362","3,373","3,371","3,375"
"Clifton village, Ohio",152,150,150,151,151,149,148,148,148,148,147,147
"Clinton village, Ohio","1,214","1,217","1,217","1,215","1,213","1,216","1,217","1,213","1,210","1,211","1,211","1,209"
"Cloverdale village, Ohio",168,169,169,168,167,166,164,163,162,161,161,160
"Clyde city, Ohio","6,325","6,403","6,398","6,369","6,345","6,306","6,281","6,245","6,217","6,197","6,172","6,166"
"Coal Grove village, Ohio","2,165","2,165","2,165","2,166","2,160","2,154","2,147","2,131","2,122","2,098","2,084","2,074"
"Coalton village, Ohio",479,479,479,476,472,474,473,472,472,472,472,473
"Coldwater village, Ohio","4,427","4,421","4,414","4,424","4,417","4,416","4,427","4,445","4,472","4,491","4,534","4,562"
"College Corner village, Ohio",407,404,403,405,406,405,405,408,410,414,415,417
"Columbiana city, Ohio","6,384","6,400","6,406","6,391","6,355","6,329","6,327","6,292","6,258","6,237","6,211","6,250"
"Columbus city, Ohio","787,033","789,018","790,943","800,607","812,740","827,797","841,673","854,950","866,894","881,694","890,869","898,553"
"Columbus Grove village, Ohio","2,137","2,155","2,151","2,144","2,127","2,121","2,120","2,103","2,105","2,092","2,081","2,079"
"Commercial Point village, Ohio","1,582","1,604","1,609","1,615","1,610","1,612","1,621","1,641","1,649","1,657","1,670","1,679"
"Conesville village, Ohio",347,351,351,352,349,348,347,345,345,345,343,343
"Congress village, Ohio",185,180,180,179,180,180,180,180,180,179,175,177
"Conneaut city, Ohio","12,841","12,832","12,820","12,783","12,817","12,834","12,769","12,676","12,668","12,621","12,571","12,530"
"Continental village, Ohio","1,153","1,126","1,125","1,120","1,111","1,107","1,109","1,101","1,096","1,092","1,098","1,101"
"Convoy village, Ohio","1,085","1,087","1,084","1,079","1,076","1,063","1,061","1,060","1,055","1,061","1,058","1,059"
"Coolville village, Ohio",496,494,494,494,490,495,496,497,496,500,496,494
"Corning village, Ohio",583,582,582,583,579,576,575,575,571,570,570,568
"Cortland city, Ohio","7,104","7,148","7,133","7,113","7,064","7,029","6,982","6,936","6,883","6,832","6,806","6,768"
"Corwin village, Ohio",421,416,416,422,429,434,441,444,451,457,466,473
"Coshocton city, Ohio","11,216","11,174","11,187","11,186","11,151","11,118","11,054","11,064","11,081","11,049","11,055","11,051"
"Covington village, Ohio","2,584","2,601","2,600","2,606","2,610","2,616","2,632","2,637","2,648","2,663","2,685","2,708"
"Craig Beach village, Ohio","1,180","1,173","1,171","1,166","1,158","1,153","1,148","1,139","1,131","1,125","1,119","1,110"
"Crestline village, Ohio","4,630","4,662","4,658","4,612","4,556","4,548","4,519","4,509","4,487","4,445","4,424","4,425"
"Creston village, Ohio","2,171","2,143","2,140","2,141","2,147","2,156","2,163","2,168","2,174","2,174","2,167","2,170"
"Cridersville village, Ohio","1,852","1,854","1,855","1,847","1,848","1,844","1,834","1,830","1,822","1,817","1,802","1,792"
"Crooksville village, Ohio","2,534","2,534","2,532","2,542","2,520","2,517","2,506","2,502","2,496","2,487","2,482","2,482"
"Crown City village, Ohio",413,420,420,420,417,416,412,407,406,406,403,402
"Cumberland village, Ohio",367,364,364,362,362,360,359,356,354,352,351,349
"Custar village, Ohio",179,179,179,180,181,182,182,183,183,183,183,184
"Cuyahoga Falls city, Ohio","49,652","49,534","49,513","49,359","49,248","49,382","49,407","49,311","49,193","49,211","49,170","49,106"
"Cuyahoga Heights village, Ohio",638,638,637,634,630,628,626,622,618,615,612,607
"Cygnet village, Ohio",597,597,597,600,603,609,611,612,613,614,617,618
"Dalton village, Ohio","1,830","1,870","1,869","1,869","1,872","1,880","1,887","1,891","1,895","1,893","1,886","1,888"
"Danville village, Ohio","1,044","1,046","1,045","1,043","1,028","1,025","1,021","1,016","1,008","1,007","1,015","1,015"
"Darbyville village, Ohio",222,223,224,225,224,224,226,228,227,229,227,229
"Dayton city, Ohio","141,527","141,989","142,348","142,000","141,916","142,035","141,117","140,819","140,849","140,372","140,439","140,407"
"Deer Park city, Ohio","5,736","5,668","5,662","5,641","5,639","5,643","5,640","5,625","5,617","5,607","5,586","5,566"
"Deersville village, Ohio",79,79,79,79,78,78,77,77,75,75,76,75
"Defiance city, Ohio","16,494","17,077","17,169","17,152","17,044","16,926","16,862","16,763","16,671","16,705","16,653","16,634"
"De Graff village, Ohio","1,285","1,286","1,282","1,278","1,273","1,271","1,273","1,269","1,263","1,264","1,266","1,276"
"Delaware city, Ohio","34,753","34,791","34,879","35,631","35,927","36,734","37,547","38,206","38,866","39,383","39,927","41,283"
"Dellroy village, Ohio",356,356,356,356,351,348,346,341,338,337,331,330
"Delphos city, Ohio","7,101","7,130","7,116","7,182","7,141","7,094","7,080","7,047","7,006","6,988","6,956","6,937"
"Delta village, Ohio","3,103","3,093","3,084","3,068","3,064","3,066","3,099","3,108","3,115","3,116","3,115","3,100"
"Dennison village, Ohio","2,655","2,655","2,652","2,647","2,640","2,637","2,634","2,632","2,626","2,614","2,599","2,594"
"Deshler village, Ohio","1,799","1,799","1,796","1,785","1,772","1,770","1,756","1,753","1,738","1,731","1,728","1,721"
"Dexter City village, Ohio",129,126,126,127,126,125,124,123,123,121,122,122
"Dillonvale village, Ohio",665,666,666,657,654,649,644,640,636,629,620,619
"Donnelsville village, Ohio",304,270,270,269,268,267,266,265,263,262,261,261
"Dover city, Ohio","12,826","12,877","12,869","12,863","12,848","12,867","12,870","12,861","12,822","12,775","12,743","12,723"
"Doylestown village, Ohio","3,051","3,042","3,039","3,049","3,056","3,063","3,072","3,077","3,084","3,080","3,068","3,067"
"Dresden village, Ohio","1,529","1,544","1,547","1,544","1,538","1,608","1,687","1,691","1,685","1,689","1,689","1,691"
"Dublin city, Ohio","41,751","41,398","41,520","42,082","43,002","43,819","44,458","45,296","45,850","47,751","48,594","49,037"
"Dunkirk village, Ohio",875,871,873,868,856,857,857,852,849,842,844,840
"Dupont village, Ohio",318,320,320,316,316,312,312,310,309,307,304,303
"East Canton village, Ohio","1,591","1,591","1,590","1,586","1,588","1,589","1,595","1,593","1,588","1,581","1,580","1,576"
"East Cleveland city, Ohio","17,843","17,859","17,824","17,703","17,617","17,567","17,498","17,405","17,311","17,190","17,081","16,964"
"Eastlake city, Ohio","18,577","18,606","18,595","18,558","18,488","18,454","18,385","18,287","18,175","18,168","18,104","18,042"
"East Liverpool city, Ohio","11,195","11,200","11,200","11,139","11,046","10,967","10,916","10,807","10,696","10,675","10,687","10,603"
"East Palestine village, Ohio","4,721","4,718","4,721","4,696","4,658","4,623","4,616","4,571","4,526","4,484","4,456","4,424"
"East Sparta village, Ohio",819,815,814,809,810,807,809,808,806,802,802,799
"Eaton city, Ohio","8,407","8,410","8,394","8,358","8,316","8,280","8,240","8,208","8,184","8,184","8,169","8,145"
"Edgerton village, Ohio","2,012","2,007","1,998","2,005","2,002","1,993","1,983","1,983","1,988","1,987","1,993","1,999"
"Edison village, Ohio",437,437,436,436,441,438,439,438,438,439,440,443
"Edon village, Ohio",834,838,835,835,834,831,823,818,816,811,809,810
"Eldorado village, Ohio",509,511,510,507,505,504,501,497,495,494,493,490
"Elgin village, Ohio",57,57,57,57,56,56,56,56,55,56,55,56
"Elida village, Ohio","1,905","1,882","1,880","1,870","1,856","1,851","1,850","1,839","1,831","1,818","1,812","1,803"
"Elmore village, Ohio","1,410","1,442","1,438","1,434","1,432","1,423","1,417","1,409","1,399","1,401","1,404","1,396"
"Elmwood Place village, Ohio","2,188","2,205","2,204","2,198","2,198","2,203","2,207","2,204","2,207","2,209","2,208","2,207"
"Elyria city, Ohio","54,533","54,526","54,487","54,322","54,162","54,115","54,078","53,917","53,865","53,781","53,797","53,757"
"Empire village, Ohio",299,299,299,296,292,291,290,289,287,284,282,280
"Englewood city, Ohio","13,465","13,424","13,433","13,424","13,445","13,488","13,464","13,474","13,468","13,464","13,451","13,435"
"Enon village, Ohio","2,415","2,447","2,446","2,464","2,451","2,440","2,434","2,423","2,407","2,393","2,389","2,386"
"Euclid city, Ohio","48,920","48,901","48,813","48,502","48,285","48,169","47,987","47,742","47,491","47,166","46,871","46,550"
"Evendale village, Ohio","2,767","2,739","2,742","2,733","2,733","2,739","2,741","2,738","2,739","2,738","2,732","2,727"
"Fairborn city, Ohio","32,352","33,028","33,219","33,484","33,587","33,617","33,714","33,236","33,617","33,644","33,694","33,876"
"Fairfax village, Ohio","1,699","1,699","1,698","1,691","1,694","1,699","1,704","1,706","1,704","1,707","1,705","1,701"
"Fairfield city, Ohio","42,510","42,500","42,554","42,589","42,578","42,589","42,681","42,678","42,654","42,603","42,613","42,558"
"Fairlawn city, Ohio","7,437","7,505","7,506","7,501","7,490","7,516","7,528","7,517","7,507","7,517","7,519","7,514"
"Fairport Harbor village, Ohio","3,109","3,112","3,109","3,104","3,095","3,094","3,088","3,083","3,072","3,077","3,070","3,067"
"Fairview village, Ohio",83,83,83,83,83,82,82,81,81,82,82,81
"Fairview Park city, Ohio","16,826","16,827","16,797","16,695","16,620","16,582","16,520","16,439","16,384","16,281","16,251","16,161"
"Farmersville village, Ohio","1,009","1,009","1,009","1,007","1,004","1,005","1,002","1,000","1,002","1,002","1,004","1,002"
"Fayette village, Ohio","1,283","1,281","1,280","1,269","1,268","1,260","1,266","1,260","1,257","1,251","1,248","1,241"
"Fayetteville village, Ohio",330,328,328,324,322,321,320,318,318,317,317,316
"Felicity village, Ohio",818,814,816,820,822,827,831,833,840,845,854,858
"Findlay city, Ohio","41,202","41,186","41,120","41,200","41,437","41,437","41,149","41,315","41,358","41,459","41,344","41,225"
"Fletcher village, Ohio",473,467,467,468,468,467,470,471,473,476,480,483
"Florida village, Ohio",232,232,232,230,228,228,223,222,220,219,217,214
"Flushing village, Ohio",879,881,881,877,871,867,864,860,855,848,843,832
"Forest village, Ohio","1,461","1,455","1,458","1,451","1,431","1,439","1,438","1,433","1,429","1,425","1,433","1,431"
"Forest Park city, Ohio","18,720","18,705","18,695","18,642","18,655","18,692","18,713","18,684","18,686","18,679","18,628","18,583"
"Fort Jennings village, Ohio",485,489,488,487,483,479,481,477,478,480,486,488
"Fort Loramie village, Ohio","1,478","1,492","1,488","1,498","1,497","1,498","1,496","1,499","1,503","1,516","1,516","1,523"
"Fort Recovery village, Ohio","1,430","1,457","1,454","1,450","1,446","1,440","1,444","1,448","1,446","1,450","1,456","1,458"
"Fostoria city, Ohio","13,441","13,453","13,422","13,418","13,373","13,354","13,342","13,338","13,319","13,267","13,244","13,225"
"Frankfort village, Ohio","1,064","1,064","1,064","1,060","1,059","1,060","1,054","1,055","1,050","1,048","1,047","1,048"
"Franklin city, Ohio","11,771","11,762","11,777","11,804","11,807","11,822","11,791","11,751","11,754","11,724","11,677","11,612"
"Frazeysburg village, Ohio","1,326","1,306","1,308","1,308","1,304","1,302","1,306","1,310","1,309","1,312","1,315","1,316"
"Fredericksburg village, Ohio",423,415,414,414,414,413,415,415,417,415,414,412
"Fredericktown village, Ohio","2,493","2,493","2,499","2,507","2,476","2,490","2,497","2,487","2,472","2,496","2,517","2,525"
"Freeport village, Ohio",369,369,368,368,364,363,361,357,354,353,352,350
"Fremont city, Ohio","16,734","16,641","16,622","16,531","16,458","16,334","16,260","16,148","16,196","16,124","16,002","15,917"
"Fulton village, Ohio",258,256,256,256,256,255,256,256,255,254,255,255
"Fultonham village, Ohio",176,162,162,163,162,162,162,163,160,160,160,161
"Gahanna city, Ohio","33,248","33,230","33,273","33,542","33,895","34,205","34,444","34,743","35,190","35,407","35,497","35,483"
"Galena village, Ohio",653,667,670,677,680,684,688,691,695,690,742,742
"Galion city, Ohio","10,512","10,611","10,600","10,487","10,351","10,327","10,245","10,217","10,153","10,051","9,988","9,982"
"Gallipolis village, Ohio","3,641","3,648","3,652","3,659","3,650","3,634","3,608","3,582","3,575","3,580","3,556","3,556"
"Gambier village, Ohio","2,391","2,391","2,419","2,418","2,433","2,427","2,474","2,436","2,425","2,452","2,456","2,486"
"Gann (Brinkhaven) village, Ohio",125,125,125,125,123,121,123,122,120,120,121,121
"Garfield Heights city, Ohio","28,849","28,849","28,797","28,610","28,482","28,412","28,302","28,158","28,005","27,814","27,638","27,448"
"Garrettsville village, Ohio","2,325","2,338","2,337","2,340","2,320","2,325","2,334","2,331","2,323","2,321","2,323","2,315"
"Gates Mills village, Ohio","2,270","2,279","2,276","2,261","2,266","2,260","2,258","2,247","2,248","2,243","2,231","2,217"
"Geneva city, Ohio","6,215","6,207","6,203","6,185","6,127","6,092","6,047","6,012","5,996","5,972","5,960","5,937"
"Geneva-on-the-Lake village, Ohio","1,288","1,254","1,253","1,249","1,236","1,230","1,220","1,213","1,210","1,205","1,204","1,199"
"Genoa village, Ohio","2,336","2,334","2,328","2,325","2,320","2,309","2,302","2,292","2,276","2,284","2,292","2,277"
"Georgetown village, Ohio","4,331","4,498","4,501","4,481","4,450","4,433","4,398","4,361","4,339","4,308","4,278","4,243"
"Germantown city, Ohio","5,547","5,533","5,534","5,524","5,520","5,518","5,495","5,495","5,496","5,502","5,498","5,519"
"Gettysburg village, Ohio",513,516,516,513,535,558,585,613,643,667,700,752
"Gibsonburg village, Ohio","2,581","2,581","2,577","2,564","2,599","2,580","2,572","2,553","2,537","2,523","2,507","2,496"
"Gilboa village, Ohio",184,190,190,189,188,187,184,183,183,181,180,180
"Girard city, Ohio","9,958","9,932","9,907","9,863","9,775","9,715","9,634","9,548","9,455","9,358","9,300","9,227"
"Glandorf village, Ohio","1,001",996,995,991,998,994,"1,004","1,010","1,011","1,022","1,021","1,025"
"Glendale village, Ohio","2,155","2,153","2,152","2,150","2,154","2,157","2,163","2,162","2,169","2,177","2,174","2,181"
"Glenford village, Ohio",173,173,173,177,175,173,172,172,172,171,171,169
"Glenmont village, Ohio",272,273,274,276,290,293,295,296,296,296,297,297
"Glenwillow village, Ohio",923,911,912,912,910,920,930,933,931,927,923,919
"Gloria Glens Park village, Ohio",425,425,425,429,429,431,436,435,437,440,444,445
"Glouster village, Ohio","1,791","1,794","1,791","1,793","1,779","1,792","1,793","1,798","1,795","1,804","1,788","1,780"
"Gnadenhutten village, Ohio","1,288","1,288","1,285","1,285","1,283","1,283","1,281","1,280","1,275","1,269","1,262","1,258"
"Golf Manor village, Ohio","3,611","3,618","3,615","3,601","3,601","3,604","3,603","3,593","3,590","3,585","3,573","3,575"
"Gordon village, Ohio",212,224,224,223,222,218,217,216,214,214,212,208
"Grafton village, Ohio","6,636","6,636","6,501","6,308","5,813","6,004","6,155","6,167","6,219","6,009","5,873","5,707"
"Grand Rapids village, Ohio",965,970,970,974,980,988,992,993,995,998,999,"1,004"
"Grand River village, Ohio",399,406,406,405,404,404,403,401,402,402,400,402
"Grandview Heights city, Ohio","6,536","6,511","6,517","6,559","6,917","6,970","7,231","7,306","7,685","7,796","8,310","8,333"
"Granville village, Ohio","5,646","5,675","5,678","5,657","5,732","5,713","5,696","5,711","5,771","5,786","5,888","5,916"
"Gratiot village, Ohio",221,218,218,218,218,218,219,219,220,222,223,220
"Gratis village, Ohio",881,874,872,868,865,859,858,854,851,849,844,843
"Graysville village, Ohio",76,78,78,78,78,78,77,77,74,73,74,72
"Green city, Ohio","25,699","25,741","25,747","25,727","25,686","25,774","25,803","25,772","25,731","25,763","25,764","25,752"
"Green Camp village, Ohio",374,374,374,372,366,364,363,360,359,356,358,355
"Greenfield village, Ohio","4,639","4,643","4,643","4,613","4,564","4,586","4,573","4,562","4,565","4,547","4,553","4,556"
"Greenhills village, Ohio","3,615","3,605","3,602","3,589","3,591","3,595","3,593","3,596","3,594","3,590","3,577","3,567"
"Green Springs village, Ohio","1,368","1,367","1,365","1,357","1,350","1,342","1,337","1,331","1,324","1,316","1,311","1,306"
"Greenville city, Ohio","13,227","13,228","13,226","13,154","13,103","13,038","12,991","12,922","12,811","12,781","12,695","12,615"
"Greenwich village, Ohio","1,476","1,476","1,474","1,468","1,461","1,450","1,439","1,429","1,427","1,424","1,425","1,422"
"Grove City city, Ohio","35,575","35,632","35,785","36,375","36,974","37,682","38,675","39,456","40,055","41,151","41,573","41,820"
"Groveport city, Ohio","5,363","5,372","5,379","5,429","5,482","5,524","5,547","5,585","5,610","5,633","5,632","5,621"
"Grover Hill village, Ohio",402,402,401,397,393,391,385,385,384,384,381,376
"Hamden village, Ohio",879,879,878,877,865,871,865,864,860,863,869,864
"Hamersville village, Ohio",546,544,544,538,531,525,522,517,513,510,505,502
"Hamilton city, Ohio","62,477","62,291","62,345","62,329","62,234","62,299","62,414","62,345","62,250","62,114","62,132","62,082"
"Hamler village, Ohio",576,576,575,575,575,576,571,567,562,561,558,555
"Hanging Rock village, Ohio",221,219,219,219,218,217,216,214,213,211,210,209
"Hanover village, Ohio",921,919,931,955,"1,003","1,078","1,126","1,154","1,170","1,182","1,196","1,204"
"Hanoverton village, Ohio",408,414,414,413,410,406,402,399,396,393,390,388
"Harbor View village, Ohio",123,106,106,105,105,105,104,106,106,105,107,106
"Harpster village, Ohio",204,204,204,203,202,202,200,199,198,198,194,192
"Harrisburg village, Ohio",320,321,321,324,325,328,330,330,334,336,339,341
"Harrison city, Ohio","9,897","9,941","9,965","9,998","10,131","10,331","10,526","10,734","11,122","11,345","11,622","11,896"
"Harrisville village, Ohio",235,235,235,235,231,230,229,228,226,225,225,223
"Harrod village, Ohio",417,419,419,420,416,413,412,410,405,402,400,403
"Hartford (Croton) village, Ohio",397,397,397,397,396,398,399,401,403,405,409,410
"Hartville village, Ohio","2,944","2,965","2,960","2,956","2,964","2,967","2,995","3,009","3,019","3,024","3,055","3,079"
"Harveysburg village, Ohio",546,547,548,549,549,549,548,546,552,558,561,567
"Haskins village, Ohio","1,188","1,188","1,189","1,196","1,203","1,211","1,218","1,220","1,225","1,230","1,231","1,237"
"Haviland village, Ohio",215,210,209,207,206,203,204,203,204,204,202,201
"Hayesville village, Ohio",448,451,451,452,451,454,457,457,461,461,461,458
"Heath city, Ohio","10,310","10,288","10,304","10,333","10,349","10,407","10,469","10,545","10,635","10,733","10,862","10,942"
"Hebron village, Ohio","2,336","2,336","2,338","2,345","2,348","2,361","2,375","2,392","2,411","2,432","2,460","2,477"
"Helena village, Ohio",224,222,222,221,220,219,217,217,212,212,210,209
"Hemlock village, Ohio",155,155,155,156,155,152,154,152,152,151,151,152
"Hicksville village, Ohio","3,581","3,549","3,541","3,525","3,505","3,474","3,468","3,458","3,439","3,437","3,433","3,434"
"Higginsport village, Ohio",251,251,251,248,247,244,243,242,242,242,243,242
"Highland village, Ohio",254,254,254,250,250,249,249,248,249,248,249,250
"Highland Heights city, Ohio","8,345","8,345","8,339","8,307","8,294","8,318","8,380","8,405","8,416","8,405","8,390","8,373"
"Highland Hills village, Ohio","1,130","1,130","1,095","1,053",997,977,995,967,967,971,992,960
"Hilliard city, Ohio","28,435","28,234","28,330","29,647","30,640","31,147","32,653","33,804","35,119","36,028","36,333","36,534"
"Hills and Dales village, Ohio",221,231,231,230,230,230,228,227,226,223,222,221
"Hillsboro city, Ohio","6,605","6,601","6,600","6,569","6,504","6,547","6,529","6,517","6,519","6,501","6,528","6,554"
"Hiram village, Ohio","1,406","1,406","1,404","1,447","1,436","1,303","1,300","1,263","1,195","1,154","1,153","1,159"
"Holgate village, Ohio","1,109","1,109","1,107","1,099","1,096","1,098","1,088","1,084","1,077","1,070","1,064","1,059"
"Holiday City village, Ohio",52,48,48,48,48,48,48,47,47,47,47,47
"Holland village, Ohio","1,764","1,704","1,702","1,696","1,693","1,696","1,689","1,680","1,673","1,667","1,659","1,655"
"Hollansburg village, Ohio",227,231,231,230,227,226,225,224,220,219,218,216
"Holloway village, Ohio",338,336,336,333,331,331,330,327,327,322,320,317
"Holmesville village, Ohio",372,372,373,376,397,399,401,402,400,401,401,402
"Hopedale village, Ohio",950,950,949,946,941,934,930,922,915,915,912,903
"Hoytville village, Ohio",303,303,303,304,306,307,309,309,313,313,313,317
"Hubbard city, Ohio","7,874","7,895","7,876","7,850","7,789","7,746","7,687","7,629","7,566","7,502","7,467","7,419"
"Huber Heights city, Ohio","38,101","38,110","38,114","38,065","38,055","38,057","37,998","37,979","38,013","38,074","38,127","38,154"
"Hudson city, Ohio","22,262","22,266","22,268","22,252","22,214","22,285","22,307","22,278","22,236","22,259","22,253","22,237"
"Hunting Valley village, Ohio",705,707,706,710,711,713,716,723,722,723,718,715
"Huntsville village, Ohio",431,442,443,441,441,443,445,443,443,442,443,446
"Huron city, Ohio","7,149","7,148","7,139","7,124","7,096","7,064","7,035","6,994","6,957","6,927","6,895","6,869"
"Independence city, Ohio","7,133","7,150","7,148","7,164","7,164","7,172","7,176","7,171","7,159","7,143","7,177","7,175"
"Irondale village, Ohio",387,384,384,380,376,374,373,369,366,363,360,358
"Ironton city, Ohio","11,129","11,120","11,115","11,110","11,063","11,007","10,944","10,828","10,774","10,668","10,598","10,532"
"Ithaca village, Ohio",136,136,136,135,135,134,134,133,132,131,130,129
"Jackson city, Ohio","6,397","6,396","6,401","6,383","6,336","6,324","6,313","6,275","6,264","6,233","6,231","6,230"
"Jacksonburg village, Ohio",63,65,65,65,65,65,65,65,65,65,65,65
"Jackson Center village, Ohio","1,462","1,462","1,460","1,459","1,459","1,474","1,469","1,471","1,465","1,464","1,464","1,465"
"Jacksonville village, Ohio",481,484,484,483,480,482,484,485,484,485,481,480
"Jamestown village, Ohio","1,993","2,033","2,035","2,056","2,062","2,058","2,065","2,072","2,082","2,103","2,117","2,136"
"Jefferson village, Ohio","3,120","3,116","3,114","3,106","3,077","3,060","3,040","3,023","3,015","3,004","3,001","2,990"
"Jeffersonville village, Ohio","1,203","1,207","1,206","1,197","1,193","1,189","1,186","1,181","1,181","1,178","1,179","1,172"
"Jenera village, Ohio",221,221,221,220,221,221,219,219,219,218,217,215
"Jeromesville village, Ohio",562,562,562,558,557,555,556,556,553,553,553,549
"Jerry City village, Ohio",427,427,427,429,431,431,433,430,433,435,433,436
"Jerusalem village, Ohio",161,161,161,161,160,158,157,156,154,153,151,150
"Jewett village, Ohio",692,692,689,688,682,680,675,668,663,659,657,651
"Johnstown village, Ohio","4,632","4,644","4,655","4,746","4,842","4,867","4,893","4,927","4,964","5,009","5,064","5,098"
"Junction City village, Ohio",819,819,819,821,815,812,810,810,806,804,804,805
"Kalida village, Ohio","1,542","1,553","1,554","1,567","1,562","1,562","1,573","1,576","1,580","1,576","1,579","1,587"
"Kelleys Island village, Ohio",312,312,312,313,313,313,312,311,310,311,312,311
"Kent city, Ohio","28,904","28,906","28,890","29,003","29,598","29,610","29,665","29,783","30,060","29,939","29,586","29,646"
"Kenton city, Ohio","8,262","8,324","8,339","8,304","8,269","8,273","8,286","8,241","8,221","8,188","8,197","8,180"
"Kettering city, Ohio","56,163","56,129","56,131","56,000","55,925","55,798","55,552","55,375","55,244","55,144","55,014","54,855"
"Kettlersville village, Ohio",179,179,179,178,174,176,175,175,172,174,171,170
"Killbuck village, Ohio",817,852,855,860,906,917,918,920,918,918,919,919
"Kingston village, Ohio","1,032","1,033","1,033","1,029","1,028","1,027","1,021","1,022","1,018","1,017","1,017","1,017"
"Kipton village, Ohio",243,243,243,242,240,240,240,239,236,236,236,233
"Kirby village, Ohio",118,118,118,118,117,116,116,115,114,114,113,110
"Kirkersville village, Ohio",525,525,525,527,527,530,532,534,539,542,549,552
"Kirtland city, Ohio","6,866","6,861","6,859","6,851","6,836","6,839","6,831","6,823","6,806","6,825","6,814","6,812"
"Kirtland Hills village, Ohio",646,646,646,645,643,645,643,643,642,643,643,644
"Lafayette village, Ohio",445,439,439,434,431,430,429,424,421,419,419,417
"LaGrange village, Ohio","2,103","2,103","2,102","2,098","2,099","2,106","2,116","2,129","2,141","2,150","2,356","2,479"
"Lakeline village, Ohio",226,226,226,226,225,225,222,221,220,220,217,217
"Lakemore village, Ohio","3,068","3,064","3,070","3,086","3,079","3,088","3,090","3,083","3,077","3,079","3,076","3,072"
"Lakeview village, Ohio","1,072","1,075","1,072","1,074","1,069","1,070","1,074","1,068","1,068","1,079","1,090","1,106"
"Lakewood city, Ohio","52,131","52,131","52,026","51,662","51,400","51,257","51,088","50,811","50,528","50,211","50,012","49,678"
"Lancaster city, Ohio","38,780","38,764","38,794","38,890","38,823","39,278","39,561","39,682","39,874","40,263","40,459","40,505"
"La Rue village, Ohio",747,747,747,741,734,727,724,720,716,714,716,714
"Latty village, Ohio",193,193,192,191,190,189,187,184,183,183,181,183
"Laura village, Ohio",474,472,472,473,474,475,478,479,481,484,485,494
"Laurelville village, Ohio",527,525,524,524,521,516,516,512,509,508,506,503
"Lebanon city, Ohio","20,033","20,037","20,119","20,283","20,376","20,434","20,415","20,580","20,621","20,623","20,724","20,659"
"Leesburg village, Ohio","1,314","1,317","1,318","1,308","1,294","1,301","1,297","1,294","1,300","1,304","1,315","1,323"
"Leesville village, Ohio",158,158,158,158,157,155,155,151,150,149,147,146
"Leetonia village, Ohio","1,959","1,967","1,968","1,957","1,942","1,927","1,922","1,904","1,881","1,862","1,849","1,832"
"Leipsic village, Ohio","2,093","2,099","2,097","2,084","2,072","2,060","2,061","2,044","2,038","2,032","2,026","2,022"
"Lewisburg village, Ohio","1,820","1,820","1,815","1,807","1,798","1,789","1,781","1,770","1,763","1,759","1,753","1,746"
"Lewisville village, Ohio",176,176,176,176,173,174,172,171,170,166,165,164
"Lexington village, Ohio","4,822","4,809","4,795","4,763","4,744","4,732","4,717","4,699","4,685","4,672","4,676","4,682"
"Liberty Center village, Ohio","1,180","1,184","1,182","1,173","1,162","1,160","1,149","1,139","1,131","1,124","1,125","1,121"
"Lima city, Ohio","38,771","38,627","38,578","38,378","38,104","38,005","37,898","37,510","37,315","37,115","36,897","36,659"
"Limaville village, Ohio",151,152,152,151,151,151,149,148,148,147,146,144
"Lincoln Heights village, Ohio","3,286","3,286","3,283","3,357","3,367","3,371","3,370","3,363","3,361","3,359","3,349","3,349"
"Lindsey village, Ohio",446,446,446,444,440,436,434,430,428,429,424,422
"Linndale village, Ohio",179,179,179,178,177,175,175,174,174,173,170,169
"Lisbon village, Ohio","2,821","2,825","2,824","2,812","2,789","2,771","2,757","2,731","2,705","2,678","2,660","2,640"
"Lithopolis village, Ohio","1,106","1,111","1,121","1,156","1,192","1,231","1,302","1,361","1,446","1,567","1,688","1,796"
"Lockbourne village, Ohio",237,238,238,240,243,243,244,246,247,249,249,249
"Lockington village, Ohio",141,141,141,140,139,139,138,138,137,137,134,136
"Lockland village, Ohio","3,449","3,448","3,447","3,437","3,435","3,444","3,442","3,440","3,449","3,448","3,439","3,441"
"Lodi village, Ohio","2,746","2,753","2,756","2,771","2,773","2,792","2,816","2,821","2,838","2,862","2,882","2,899"
"Logan city, Ohio","7,152","7,113","7,140","7,140","7,109","7,079","7,111","7,067","7,047","7,062","7,044","7,020"
"London city, Ohio","9,904","9,899","9,891","9,897","9,872","9,981","10,095","10,119","10,112","10,152","10,274","10,328"
"Lorain city, Ohio","64,097","64,099","64,076","63,940","63,756","63,735","63,773","63,662","63,729","63,774","63,984","63,855"
"Lordstown village, Ohio","3,417","3,424","3,417","3,407","3,383","3,368","3,345","3,323","3,302","3,282","3,272","3,258"
"Lore City village, Ohio",325,325,325,322,322,322,321,318,315,315,310,308
"Loudonville village, Ohio","2,641","2,641","2,641","2,631","2,629","2,625","2,632","2,630","2,630","2,624","2,630","2,617"
"Louisville city, Ohio","9,186","9,273","9,272","9,262","9,282","9,303","9,350","9,362","9,358","9,339","9,333","9,360"
"Loveland city, Ohio","12,081","12,111","12,115","12,142","12,224","12,346","12,444","12,631","12,772","12,837","13,146","13,145"
"Lowell village, Ohio",549,547,546,552,549,548,548,545,541,538,533,531
"Lowellville village, Ohio","1,155","1,159","1,157","1,150","1,142","1,135","1,131","1,121","1,114","1,107","1,099","1,092"
"Lower Salem village, Ohio",86,86,86,86,86,86,86,85,83,85,82,82
"Lucas village, Ohio",615,614,612,608,604,603,601,597,596,592,593,592
"Luckey village, Ohio","1,012","1,012","1,012","1,017","1,025","1,030","1,033","1,035","1,037","1,038","1,042","1,044"
"Ludlow Falls village, Ohio",208,208,208,208,209,209,210,211,212,213,215,216
"Lynchburg village, Ohio","1,499","1,492","1,490","1,482","1,466","1,473","1,470","1,467","1,471","1,470","1,477","1,483"
"Lyndhurst city, Ohio","14,001","14,001","13,977","13,890","13,828","13,799","13,755","13,703","13,633","13,546","13,460","13,366"
"Lyons village, Ohio",562,566,565,560,560,556,558,556,555,554,553,548
"McArthur village, Ohio","1,701","1,705","1,700","1,697","1,676","1,685","1,672","1,653","1,643","1,648","1,652","1,643"
"McClure village, Ohio",725,727,726,720,715,711,704,700,693,689,686,680
"McComb village, Ohio","1,648","1,649","1,644","1,647","1,659","1,659","1,648","1,655","1,650","1,650","1,645","1,638"
"McConnelsville village, Ohio","1,784","1,780","1,779","1,777","1,803","1,797","1,778","1,776","1,777","1,766","1,761","1,749"
"McDonald village, Ohio","3,263","3,259","3,250","3,236","3,208","3,187","3,160","3,133","3,107","3,079","3,062","3,040"
"Macedonia city, Ohio","11,188","11,128","11,153","11,258","11,339","11,459","11,576","11,673","11,888","11,937","11,911","12,000"
"McGuffey village, Ohio",501,503,504,502,495,494,495,493,492,489,488,487
"Macksburg village, Ohio",186,188,188,188,185,185,185,184,183,183,182,182
"Madeira city, Ohio","8,726","8,736","8,736","8,725","8,826","8,893","8,961","9,012","9,089","9,174","9,218","9,245"
"Madison village, Ohio","3,184","3,184","3,183","3,181","3,172","3,175","3,172","3,168","3,160","3,169","3,165","3,166"
"Magnetic Springs village, Ohio",268,268,268,269,267,267,270,273,278,284,290,298
"Magnolia village, Ohio",978,985,984,982,980,977,983,979,974,968,965,962
"Maineville village, Ohio",975,971,974,986,"1,001","1,012","1,027","1,038","1,053","1,069","1,089","1,107"
"Malinta village, Ohio",265,265,265,263,261,260,260,258,256,254,253,252
"Malta village, Ohio",671,672,672,674,665,664,655,655,654,649,646,640
"Malvern village, Ohio","1,189","1,208","1,209","1,209","1,202","1,191","1,186","1,170","1,164","1,150","1,140","1,130"
"Manchester village, Ohio","2,023","2,016","2,016","2,009","1,998","1,981","1,977","1,969","1,962","1,960","1,955","1,955"
"Mansfield city, Ohio","47,821","47,837","47,729","47,299","47,083","46,996","46,929","46,893","46,709","46,114","46,538","46,599"
"Mantua village, Ohio","1,043","1,033","1,032","1,033","1,025","1,027","1,029","1,029","1,024","1,023","1,022","1,020"
"Maple Heights city, Ohio","23,138","23,135","23,095","22,957","22,853","22,796","22,777","22,659","22,536","22,378","22,234","22,078"
"Marble Cliff village, Ohio",573,569,570,573,604,610,635,642,676,685,729,732
"Marblehead village, Ohio",903,886,884,883,881,877,873,870,864,867,869,864
"Marengo village, Ohio",342,342,342,341,341,341,342,339,339,338,340,341
"Mariemont village, Ohio","3,403","3,471","3,468","3,453","3,453","3,455","3,455","3,500","3,503","3,505","3,531","3,518"
"Marietta city, Ohio","14,085","14,069","14,049","14,015","13,988","14,008","13,884","13,807","13,577","13,666","13,529","13,356"
"Marion city, Ohio","36,837","36,828","36,793","36,946","36,889","36,728","36,622","36,352","36,439","36,065","36,191","35,883"
"Marseilles village, Ohio",112,112,112,112,111,111,110,109,109,106,108,107
"Marshallville village, Ohio",756,767,766,767,768,769,775,774,778,777,775,776
"Martinsburg village, Ohio",237,237,237,236,233,233,233,230,231,231,233,233
"Martins Ferry city, Ohio","6,915","6,913","6,911","6,890","6,842","6,820","6,797","6,751","6,721","6,653","6,596","6,517"
"Martinsville village, Ohio",463,464,463,462,459,459,459,456,456,457,455,452
"Marysville city, Ohio","22,094","22,101","22,176","22,545","22,127","22,469","22,659","22,863","23,458","23,889","24,196","24,667"
"Mason city, Ohio","30,712","30,848","30,899","31,084","31,197","31,386","31,551","32,550","32,938","33,222","33,580","33,870"
"Massillon city, Ohio","32,149","32,318","32,286","32,278","32,343","32,356","32,412","32,375","32,370","32,368","32,443","32,584"
"Matamoras village, Ohio",896,896,893,893,889,888,885,881,877,872,867,865
"Maumee city, Ohio","14,286","14,282","14,263","14,182","14,102","14,076","13,996","13,918","13,861","13,788","13,714","13,669"
"Mayfield village, Ohio","3,460","3,451","3,444","3,424","3,414","3,417","3,415","3,402","3,391","3,375","3,355","3,337"
"Mayfield Heights city, Ohio","19,155","19,155","19,125","19,042","18,976","18,944","18,887","18,867","18,782","18,670","18,575","18,487"
"Mechanicsburg village, Ohio","1,644","1,642","1,640","1,630","1,618","1,615","1,599","1,594","1,588","1,591","1,589","1,591"
"Medina city, Ohio","26,678","26,663","26,631","26,628","26,516","26,527","26,519","26,329","26,210","26,167","26,051","25,956"
"Melrose village, Ohio",275,275,274,272,268,269,264,264,264,264,262,260
"Mendon village, Ohio",662,662,661,656,656,653,652,649,646,646,643,641
"Mentor city, Ohio","47,159","47,161","47,149","47,123","47,019","46,999","46,970","46,981","46,883","47,138","47,194","47,262"
"Mentor-on-the-Lake city, Ohio","7,443","7,439","7,436","7,429","7,415","7,420","7,412","7,402","7,384","7,403","7,392","7,390"
"Metamora village, Ohio",627,629,627,623,620,618,620,618,614,612,612,608
"Meyers Lake village, Ohio",569,568,568,565,569,569,572,571,568,566,568,565
"Miamisburg city, Ohio","20,181","20,167","20,168","20,139","20,128","20,105","20,047","19,993","19,960","19,942","19,912","20,143"
"Middleburg Heights city, Ohio","15,946","15,950","15,926","15,850","15,806","15,806","15,783","15,720","15,655","15,578","15,513","15,432"
"Middlefield village, Ohio","2,694","2,690","2,689","2,687","2,701","2,702","2,708","2,704","2,703","2,705","2,707","2,700"
"Middle Point village, Ohio",576,576,574,571,571,565,563,562,558,560,561,562
"Middleport village, Ohio","2,530","2,527","2,522","2,511","2,501","2,488","2,470","2,455","2,450","2,435","2,429","2,408"
"Middletown city, Ohio","48,694","48,696","48,743","48,731","48,683","48,661","48,758","48,737","48,896","48,849","48,842","48,807"
"Midland village, Ohio",315,315,314,314,313,314,311,311,311,312,309,308
"Midvale village, Ohio",754,754,754,751,751,752,750,751,749,747,744,744
"Midway village, Ohio",322,322,322,321,320,323,323,324,323,324,327,328
"Mifflin village, Ohio",137,138,138,138,137,135,138,135,135,135,135,134
"Milan village, Ohio","1,367","1,367","1,366","1,360","1,355","1,346","1,348","1,343","1,340","1,332","1,333","1,334"
"Milford city, Ohio","6,709","6,706","6,705","6,709","6,698","6,695","6,894","6,882","6,892","6,892","6,864","6,855"
"Milford Center village, Ohio",792,792,792,801,803,812,815,825,841,863,879,902
"Millbury village, Ohio","1,200","1,200","1,201","1,208","1,215","1,223","1,229","1,234","1,236","1,240","1,242","1,247"
"Milledgeville village, Ohio",112,112,112,111,111,110,110,110,110,110,110,109
"Miller City village, Ohio",137,143,143,144,145,145,145,142,143,142,142,142
"Millersburg village, Ohio","3,025","3,037","3,044","3,072","3,092","3,131","3,149","3,164","3,171","3,186","3,196","3,200"
"Millersport village, Ohio","1,044","1,055","1,056","1,059","1,055","1,054","1,058","1,057","1,060","1,068","1,066","1,074"
"Millville village, Ohio",708,708,709,712,711,710,717,720,724,728,731,733
"Milton Center village, Ohio",144,144,144,145,145,144,147,145,145,145,145,146
"Miltonsburg village, Ohio",43,43,43,43,43,43,42,42,42,41,41,40
"Mineral City village, Ohio",727,727,727,725,722,724,722,720,719,714,709,708
"Minerva village, Ohio","3,720","3,723","3,722","3,720","3,705","3,696","3,700","3,675","3,669","3,646","3,629","3,620"
"Minerva Park village, Ohio","1,272","1,272","1,274","1,282","1,293","1,302","1,307","1,315","1,320","1,325","1,324","1,321"
"Mingo Junction village, Ohio","3,454","3,454","3,453","3,416","3,389","3,366","3,349","3,326","3,299","3,259","3,229","3,205"
"Minster village, Ohio","2,805","2,806","2,804","2,798","2,803","2,817","2,816","2,829","2,839","2,826","2,819","2,817"
"Mogadore village, Ohio","3,853","3,865","3,865","3,864","3,848","3,855","3,859","3,850","3,837","3,833","3,830","3,821"
"Monroe city, Ohio","12,442","12,455","12,516","12,699","12,845","13,061","13,258","13,379","13,496","13,686","13,869","14,015"
"Monroeville village, Ohio","1,400","1,400","1,398","1,392","1,392","1,381","1,375","1,365","1,363","1,361","1,357","1,350"
"Montezuma village, Ohio",165,161,161,160,160,159,159,158,156,158,155,157
"Montgomery city, Ohio","10,251","10,373","10,373","10,376","10,410","10,479","10,570","10,643","10,722","10,799","10,842","10,872"
"Montpelier village, Ohio","4,072","4,070","4,053","4,062","4,053","4,036","4,005","3,979","3,968","3,938","3,935","3,924"
"Moraine city, Ohio","6,307","6,401","6,402","6,387","6,423","6,465","6,482","6,497","6,494","6,483","6,472","6,470"
"Moreland Hills village, Ohio","3,320","3,320","3,316","3,307","3,305","3,318","3,312","3,311","3,314","3,303","3,299","3,303"
"Morral village, Ohio",399,399,399,397,391,389,387,384,383,380,383,382
"Morristown village, Ohio",303,301,301,301,297,297,296,295,294,290,290,288
"Morrow village, Ohio","1,188","1,178","1,181","1,193","1,210","1,221","1,237","1,250","1,267","1,284","1,307","1,325"
"Moscow village, Ohio",185,185,185,185,187,187,187,187,188,190,189,191
"Mount Blanchard village, Ohio",492,489,488,488,490,491,487,486,487,484,482,486
"Mount Cory village, Ohio",204,204,204,203,204,201,200,200,200,199,198,196
"Mount Eaton village, Ohio",241,243,243,242,240,243,241,240,240,239,235,234
"Mount Gilead village, Ohio","3,660","3,657","3,652","3,651","3,652","3,651","3,655","3,657","3,651","3,647","3,664","3,678"
"Mount Healthy city, Ohio","6,098","6,806","6,800","6,778","6,779","6,789","6,792","6,777","6,777","6,772","6,753","6,736"
"Mount Orab village, Ohio","3,664","3,685","3,683","3,653","3,609","3,585","3,556","3,527","3,510","3,487","3,469","3,444"
"Mount Pleasant village, Ohio",478,478,478,473,468,464,463,459,456,451,447,443
"Mount Sterling village, Ohio","1,782","1,733","1,731","1,727","1,722","1,740","1,762","1,763","1,759","1,769","1,789","1,793"
"Mount Vernon city, Ohio","16,990","16,965","17,007","17,064","16,844","16,772","16,709","16,668","16,583","16,622","16,715","16,769"
"Mount Victory village, Ohio",627,627,628,624,618,616,618,612,611,606,607,606
"Mowrystown village, Ohio",360,362,362,360,355,357,354,353,353,352,351,352
"Munroe Falls city, Ohio","5,012","5,056","5,056","5,054","5,045","5,060","5,066","5,065","5,056","5,066","5,069","5,063"
"Murray City village, Ohio",449,453,454,451,449,445,446,440,439,440,437,435
"Mutual village, Ohio",104,107,107,106,106,105,104,102,101,104,103,102
"Napoleon city, Ohio","8,749","8,773","8,758","8,681","8,607","8,587","8,501","8,444","8,356","8,306","8,257","8,207"
"Nashville village, Ohio",197,172,172,174,184,184,185,185,186,186,187,187
"Navarre village, Ohio","1,957","1,888","1,887","1,877","1,874","1,870","1,865","1,854","1,843","1,830","1,821","1,812"
"Nellie village, Ohio",131,134,134,134,134,134,133,134,134,131,132,131
"Nelsonville city, Ohio","5,392","5,394","5,389","5,389","5,359","5,304","5,221","5,196","5,297","5,276","5,150","5,130"
"Nevada village, Ohio",760,760,759,757,754,746,742,739,734,736,732,729
"Neville village, Ohio",100,102,102,102,102,104,104,104,105,105,107,106
"New Albany city, Ohio","7,724","7,891","7,942","8,341","8,704","9,020","9,411","9,998","10,474","10,766","10,894","10,933"
"New Alexandria village, Ohio",272,272,272,270,268,264,263,262,260,256,254,252
"Newark city, Ohio","47,573","47,558","47,614","47,720","47,809","48,034","48,283","48,592","48,946","49,471","50,001","50,315"
"New Athens village, Ohio",320,328,327,325,323,322,321,317,314,313,310,308
"New Bavaria village, Ohio",99,99,99,98,97,97,96,96,95,94,91,93
"New Bloomington village, Ohio",515,520,520,517,512,507,507,504,505,504,511,511
"New Boston village, Ohio","2,272","2,279","2,278","2,267","2,246","2,229","2,203","2,176","2,152","2,124","2,112","2,099"
"New Bremen village, Ohio","2,978","3,000","3,000","2,997","2,994","2,994","2,983","2,979","2,983","2,999","2,976","2,963"
"Newburgh Heights village, Ohio","2,167","2,167","2,162","2,146","2,135","2,128","2,118","2,106","2,094","2,079","2,064","2,049"
"New Carlisle city, Ohio","5,785","5,782","5,779","5,761","5,728","5,703","5,687","5,663","5,624","5,589","5,578","5,568"
"Newcomerstown village, Ohio","3,822","3,822","3,819","3,812","3,803","3,805","3,801","3,796","3,783","3,767","3,748","3,737"
"New Concord village, Ohio","2,491","2,491","2,482","2,481","2,349","2,345","2,330","2,337","2,362","2,275","2,221","2,219"
"New Franklin city, Ohio","14,227","14,204","14,206","14,188","14,158","14,198","14,207","14,180","14,150","14,157","14,148","14,133"
"New Holland village, Ohio",801,801,803,805,826,828,830,838,840,843,848,851
"New Knoxville village, Ohio",879,879,878,871,870,870,867,863,862,865,864,866
"New Lebanon village, Ohio","3,995","3,993","3,993","3,985","3,983","3,979","3,981","3,977","3,976","3,980","3,993","3,984"
"New Lexington village, Ohio","4,731","4,730","4,728","4,761","4,723","4,722","4,703","4,696","4,687","4,672","4,666","4,671"
"New London village, Ohio","2,461","2,461","2,456","2,447","2,435","2,416","2,397","2,380","2,376","2,373","2,367","2,358"
"New Madison village, Ohio",892,893,893,886,915,946,980,"1,019","1,060","1,088","1,131","1,201"
"New Miami village, Ohio","2,249","2,257","2,263","2,269","2,274","2,280","2,296","2,317","2,338","2,361","2,373","2,381"
"New Middletown village, Ohio","1,621","1,634","1,631","1,624","1,613","1,606","1,600","1,588","1,577","1,568","1,560","1,550"
"New Paris village, Ohio","1,629","1,629","1,625","1,618","1,611","1,602","1,596","1,589","1,583","1,580","1,577","1,572"
"New Philadelphia city, Ohio","17,288","17,295","17,290","17,292","17,308","17,382","17,429","17,469","17,477","17,451","17,429","17,410"
"New Richmond village, Ohio","2,582","2,591","2,594","2,608","2,616","2,630","2,638","2,644","2,657","2,670","2,685","2,698"
"New Riegel village, Ohio",249,249,248,248,244,243,242,240,239,238,237,236
"New Straitsville village, Ohio",722,722,722,724,719,716,715,714,711,709,709,710
"Newton Falls village, Ohio","4,795","4,755","4,743","4,728","4,689","4,666","4,631","4,594","4,557","4,519","4,500","4,471"
"Newtonsville village, Ohio",392,361,361,365,365,367,367,367,371,371,373,376
"Newtown village, Ohio","2,672","2,652","2,651","2,653","2,658","2,668","2,671","2,667","2,667","2,666","2,663","2,669"
"New Vienna village, Ohio","1,224","1,224","1,220","1,220","1,215","1,214","1,214","1,212","1,212","1,220","1,227","1,228"
"New Washington village, Ohio",967,968,967,956,947,944,938,937,931,923,917,920
"New Waterford village, Ohio","1,238","1,239","1,240","1,233","1,223","1,217","1,212","1,206","1,198","1,192","1,189","1,180"
"New Weston village, Ohio",136,136,136,135,135,134,134,133,132,131,128,129
"Ney village, Ohio",354,354,353,352,351,350,350,349,345,344,343,341
"Niles city, Ohio","19,266","19,210","19,162","19,084","18,924","18,814","18,665","18,510","18,342","18,403","18,304","18,176"
"North Baltimore village, Ohio","3,432","3,429","3,430","3,447","3,468","3,489","3,502","3,509","3,519","3,526","3,534","3,545"
"North Bend village, Ohio",857,861,861,859,861,865,867,867,870,871,872,873
"North Canton city, Ohio","17,488","17,505","17,486","17,412","17,415","17,482","17,490","17,427","17,362","17,282","17,251","17,176"
"North College Hill city, Ohio","9,397","9,418","9,411","9,377","9,379","9,389","9,391","9,367","9,361","9,349","9,315","9,283"
"North Fairfield village, Ohio",560,560,559,555,553,550,544,541,538,538,535,534
"Northfield village, Ohio","3,677","3,675","3,676","3,670","3,665","3,675","3,678","3,672","3,666","3,669","3,667","3,663"
"North Hampton village, Ohio",478,487,487,486,480,478,477,475,472,469,466,468
"North Kingsville village, Ohio","2,923","2,917","2,915","2,907","2,879","2,862","2,843","2,826","2,819","2,806","2,804","2,792"
"North Lewisburg village, Ohio","1,490","1,498","1,496","1,486","1,478","1,476","1,461","1,459","1,454","1,461","1,461","1,465"
"North Olmsted city, Ohio","32,718","32,709","32,656","32,467","32,339","32,288","32,184","32,039","31,898","31,706","31,534","31,341"
"North Perry village, Ohio",893,893,893,891,889,888,889,888,883,886,886,884
"North Randall village, Ohio","1,027","1,027","1,026","1,020","1,017","1,015","1,012","1,009","1,005","1,000",995,988
"North Ridgeville city, Ohio","29,465","29,466","29,588","30,077","30,586","31,290","31,892","32,509","33,009","33,352","33,812","34,392"
"North Robinson village, Ohio",205,210,210,207,206,206,204,201,201,199,198,198
"North Royalton city, Ohio","30,444","30,452","30,428","30,351","30,318","30,356","30,391","30,359","30,338","30,277","30,184","30,068"
"North Star village, Ohio",236,232,232,231,230,229,228,227,225,224,222,221
"Northwood city, Ohio","5,265","5,221","5,223","5,252","5,289","5,324","5,349","5,364","5,380","5,395","5,411","5,434"
"Norton city, Ohio","12,085","12,107","12,102","12,084","12,051","12,081","12,078","12,066","12,048","12,032","12,004","11,966"
"Norwalk city, Ohio","17,012","17,102","17,086","17,047","16,989","16,879","16,930","16,841","16,870","16,882","16,882","16,867"
"Norwich village, Ohio",102,102,102,102,102,100,102,103,100,101,101,101
"Norwood city, Ohio","19,207","19,210","19,189","19,108","19,095","19,105","19,439","19,967","19,947","19,914","19,840","19,776"
"Oak Harbor village, Ohio","2,759","2,750","2,758","2,756","2,745","2,726","2,721","2,714","2,703","2,711","2,723","2,707"
"Oak Hill village, Ohio","1,551","1,560","1,562","1,555","1,542","1,539","1,537","1,527","1,524","1,517","1,520","1,522"
"Oakwood village, Ohio","3,667","3,661","3,663","3,682","3,685","3,702","3,713","3,695","3,681","3,665","3,644","3,624"
"Oakwood city, Ohio","9,202","9,204","9,201","9,173","9,151","9,122","9,075","9,041","9,014","8,992","8,965","8,936"
"Oakwood village, Ohio",608,613,611,603,600,594,590,593,591,595,590,587
"Oberlin city, Ohio","8,286","8,290","8,394","8,434","8,409","8,394","8,251","8,356","8,328","8,276","8,304","8,199"
"Obetz village, Ohio","4,532","4,537","4,550","4,597","4,661","4,725","4,763","4,821","4,883","4,976","5,091","5,196"
"Octa village, Ohio",59,59,59,59,58,58,58,58,58,58,58,58
"Ohio City village, Ohio",705,705,703,699,697,687,687,684,681,682,679,677
"Old Washington village, Ohio",279,277,277,276,275,274,274,271,269,270,269,268
"Olmsted Falls city, Ohio","9,024","9,032","9,020","8,969","8,943","8,933","8,910","8,912","8,926","8,911","8,871","8,828"
"Ontario city, Ohio","6,225","6,243","6,228","6,183","6,162","6,146","6,126","6,107","6,086","6,069","6,078","6,084"
"Orange village, Ohio","3,323","3,323","3,319","3,308","3,296","3,295","3,288","3,283","3,282","3,274","3,272","3,290"
"Orangeville village, Ohio",197,189,189,188,184,184,182,181,180,178,175,174
"Oregon city, Ohio","20,291","20,304","20,322","20,296","20,195","20,189","20,135","20,068","20,026","19,975","19,911","20,055"
"Orrville city, Ohio","8,380","8,357","8,348","8,352","8,368","8,399","8,429","8,444","8,463","8,451","8,419","8,419"
"Orwell village, Ohio","1,660","1,659","1,658","1,652","1,639","1,628","1,616","1,608","1,605","1,601","1,600","1,594"
"Osgood village, Ohio",302,302,302,300,299,295,294,293,290,289,287,282
"Ostrander village, Ohio",643,640,643,647,650,656,675,689,705,718,735,749
"Ottawa village, Ohio","4,460","4,462","4,460","4,445","4,419","4,408","4,421","4,389","4,385","4,353","4,347","4,357"
"Ottawa Hills village, Ohio","4,517","4,470","4,465","4,448","4,434","4,439","4,441","4,435","4,443","4,450","4,467","4,488"
"Ottoville village, Ohio",976,983,984,981,974,974,975,968,973,964,964,964
"Otway village, Ohio",87,87,87,87,86,86,85,84,83,82,80,82
"Owensville village, Ohio",794,794,794,799,803,805,809,810,814,819,824,828
"Oxford city, Ohio","21,371","21,387","21,663","21,675","21,609","21,497","21,788","22,109","22,393","22,874","22,871","23,110"
"Painesville city, Ohio","19,563","19,531","19,529","19,592","19,540","19,901","19,874","19,839","19,789","19,819","19,853","19,886"
"Palestine village, Ohio",200,198,198,197,196,195,192,191,189,189,185,184
"Pandora village, Ohio","1,153","1,145","1,144","1,140","1,134","1,127","1,131","1,123","1,123","1,113","1,108","1,107"
"Parma city, Ohio","81,601","81,589","81,456","80,961","80,623","80,453","80,166","80,037","79,627","79,103","78,622","78,103"
"Parma Heights city, Ohio","20,718","20,722","20,689","20,565","20,479","20,439","20,369","20,272","20,173","20,042","19,920","19,790"
"Parral village, Ohio",218,218,218,218,218,216,216,217,216,215,213,212
"Pataskala city, Ohio","14,962","14,926","14,947","14,993","15,015","15,099","15,193","15,304","15,435","15,580","15,766","15,883"
"Patterson village, Ohio",139,138,138,138,136,136,136,136,136,135,133,133
"Paulding village, Ohio","3,605","3,606","3,595","3,563","3,537","3,523","3,494","3,491","3,470","3,465","3,443","3,423"
"Payne village, Ohio","1,194","1,194","1,191","1,183","1,177","1,172","1,158","1,156","1,150","1,151","1,145","1,139"
"Peebles village, Ohio","1,782","1,795","1,793","1,788","1,776","1,762","1,761","1,747","1,736","1,730","1,722","1,717"
"Pemberville village, Ohio","1,371","1,373","1,374","1,379","1,389","1,396","1,403","1,406","1,408","1,412","1,414","1,420"
"Peninsula village, Ohio",565,558,558,556,555,557,557,556,555,555,554,554
"Pepper Pike city, Ohio","5,979","5,979","5,975","5,985","6,041","6,144","6,210","6,207","6,209","6,254","6,320","6,330"
"Perry village, Ohio","1,663","1,635","1,634","1,632","1,630","1,632","1,630","1,629","1,624","1,627","1,627","1,626"
"Perrysburg city, Ohio","20,623","20,767","20,775","20,903","21,049","21,195","21,294","21,355","21,421","21,482","21,538","21,626"
"Perrysville village, Ohio",735,728,728,724,721,721,722,724,724,724,721,717
"Phillipsburg village, Ohio",557,556,556,555,553,554,552,549,551,551,550,550
"Philo village, Ohio",733,732,733,732,730,726,729,730,728,730,728,728
"Pickerington city, Ohio","18,291","18,278","18,336","18,548","18,653","19,035","19,387","19,697","20,064","20,396","21,226","22,158"
"Piketon village, Ohio","2,181","2,180","2,182","2,179","2,175","2,174","2,172","2,174","2,170","2,168","2,153","2,140"
"Pioneer village, Ohio","1,380","1,379","1,374","1,375","1,373","1,368","1,400","1,395","1,394","1,386","1,389","1,399"
"Piqua city, Ohio","20,522","20,505","20,500","20,541","20,576","20,625","20,745","20,782","20,870","20,991","21,150","21,332"
"Pitsburg village, Ohio",388,386,386,384,383,381,379,377,374,373,370,365
"Plain City village, Ohio","4,225","4,228","4,226","4,241","4,232","4,275","4,336","4,351","4,347","4,378","4,418","4,586"
"Plainfield village, Ohio",157,144,144,146,148,150,151,152,154,155,158,158
"Pleasant City village, Ohio",447,443,443,441,440,438,437,433,430,426,425,423
"Pleasant Hill village, Ohio","1,200","1,203","1,203","1,204","1,207","1,210","1,218","1,220","1,225","1,233","1,242","1,254"
"Pleasant Plain village, Ohio",154,149,149,152,152,155,157,157,160,162,166,168
"Pleasantville village, Ohio",960,956,957,959,956,952,954,955,959,959,959,959
"Plymouth village, Ohio","1,857","1,869","1,866","1,852","1,846","1,833","1,826","1,814","1,809","1,805","1,806","1,801"
"Poland village, Ohio","2,555","2,523","2,516","2,506","2,489","2,476","2,464","2,446","2,425","2,413","2,399","2,378"
"Polk village, Ohio",336,336,336,338,337,335,335,335,335,335,332,330
"Pomeroy village, Ohio","1,852","1,847","1,843","1,839","1,834","1,822","1,806","1,796","1,792","1,779","1,773","1,757"
"Portage village, Ohio",438,438,438,437,442,449,452,455,461,464,472,480
"Port Clinton city, Ohio","6,056","6,349","6,335","6,322","6,308","6,276","6,253","6,228","6,183","6,200","6,217","6,176"
"Port Jefferson village, Ohio",371,369,368,368,367,366,366,364,361,363,361,361
"Portsmouth city, Ohio","20,226","20,207","20,219","20,378","20,340","20,297","20,288","20,329","20,330","20,385","20,265","20,158"
"Port Washington village, Ohio",569,569,569,574,571,572,570,573,569,568,563,565
"Port William village, Ohio",254,254,253,253,253,251,250,250,251,251,249,248
"Potsdam village, Ohio",288,288,288,288,289,290,291,289,291,292,294,297
"Powell city, Ohio","11,500","11,497","11,569","11,780","11,967","12,239","12,398","12,647","12,827","13,229","13,336","13,375"
"Powhatan Point village, Ohio","1,592","1,592","1,592","1,593","1,583","1,581","1,578","1,570","1,564","1,549","1,537","1,520"
"Proctorville village, Ohio",574,574,574,572,570,566,563,557,555,548,545,542
"Prospect village, Ohio","1,112","1,109","1,108","1,101","1,088","1,080","1,075","1,069","1,063","1,059","1,063","1,058"
"Put-in-Bay village, Ohio",138,144,144,144,143,142,142,141,140,140,141,141
"Quaker City village, Ohio",502,502,502,500,499,496,496,493,488,487,486,486
"Quincy village, Ohio",706,706,704,704,700,699,702,698,694,696,700,704
"Racine village, Ohio",675,696,695,691,689,685,679,675,675,671,669,664
"Rarden village, Ohio",159,159,159,159,155,157,153,151,150,148,148,147
"Ravenna city, Ohio","11,724","11,724","11,711","11,699","11,565","11,562","11,652","11,604","11,529","11,480","11,448","11,361"
"Rawson village, Ohio",570,572,571,568,570,571,567,568,566,564,561,557
"Rayland village, Ohio",417,417,417,413,408,406,403,403,401,399,396,393
"Reading city, Ohio","10,385","10,413","10,406","10,373","10,379","10,394","10,397","10,377","10,372","10,359","10,329","10,296"
"Reminderville village, Ohio","3,404","3,404","3,425","3,554","3,628","3,738","3,862","3,980","4,105","4,246","4,383","4,517"
"Rendville village, Ohio",36,36,36,36,36,36,36,36,36,36,36,36
"Republic village, Ohio",549,549,548,544,540,535,535,534,530,525,523,520
"Reynoldsburg city, Ohio","35,893","35,921","35,960","36,145","36,395","36,654","36,894","37,308","37,620","37,944","38,216","38,327"
"Richfield village, Ohio","3,648","3,656","3,657","3,652","3,647","3,657","3,660","3,654","3,647","3,649","3,648","3,644"
"Richmond village, Ohio",481,481,481,476,471,469,466,462,459,452,449,446
"Richmond Heights city, Ohio","10,546","10,557","10,551","10,537","10,495","10,501","10,514","10,482","10,448","10,408","10,360","10,342"
"Richwood village, Ohio","2,229","2,229","2,228","2,232","2,226","2,229","2,238","2,270","2,318","2,369","2,421","2,480"
"Ridgeway village, Ohio",338,338,339,337,334,334,331,330,331,327,331,329
"Rio Grande village, Ohio",830,834,938,926,870,814,837,855,857,812,781,781
"Ripley village, Ohio","1,750","1,749","1,750","1,742","1,726","1,720","1,715","1,705","1,703","1,698","1,702","1,697"
"Risingsun village, Ohio",606,610,610,613,616,619,621,622,626,624,625,629
"Rittman city, Ohio","6,491","6,465","6,459","6,459","6,473","6,496","6,520","6,529","6,544","6,531","6,505","6,506"
"Riverlea village, Ohio",545,547,548,552,556,558,561,563,567,567,568,565
"Riverside city, Ohio","25,201","25,175","25,176","25,136","25,121","25,114","25,064","25,042","25,062","25,094","25,125","25,133"
"Roaming Shores village, Ohio","1,508","1,508","1,507","1,505","1,490","1,483","1,473","1,467","1,462","1,457","1,457","1,452"
"Rochester village, Ohio",182,182,182,182,181,179,179,178,178,178,175,175
"Rock Creek village, Ohio",529,533,533,531,526,522,518,515,513,510,509,507
"Rockford village, Ohio","1,120","1,120","1,118","1,115","1,114","1,109","1,110","1,107","1,104","1,105","1,103","1,104"
"Rocky Ridge village, Ohio",417,414,413,413,412,409,409,406,404,407,409,407
"Rocky River city, Ohio","20,213","20,212","20,184","20,083","20,013","20,000","20,471","20,405","20,322","20,197","20,100","19,986"
"Rogers village, Ohio",237,239,239,238,237,233,235,231,231,227,225,224
"Rome (Stout) village, Ohio",94,98,98,98,97,97,97,96,96,96,94,95
"Roseville village, Ohio","1,852","1,859","1,860","1,862","1,853","1,846","1,844","1,847","1,843","1,842","1,837","1,839"
"Rossburg village, Ohio",201,194,194,193,192,191,191,189,188,187,186,185
"Rossford city, Ohio","6,293","6,337","6,337","6,373","6,416","6,457","6,482","6,497","6,512","6,525","6,539","6,562"
"Roswell village, Ohio",219,219,219,219,219,217,217,217,217,216,216,215
"Rushsylvania village, Ohio",516,516,515,513,510,511,512,511,511,522,522,530
"Rushville village, Ohio",302,307,307,308,305,305,306,306,308,310,310,309
"Russells Point village, Ohio","1,391","1,391","1,388","1,385","1,378","1,378","1,381","1,376","1,372","1,375","1,379","1,390"
"Russellville village, Ohio",561,554,554,548,540,537,532,526,522,519,516,512
"Russia village, Ohio",640,643,644,646,648,652,651,654,652,656,662,664
"Rutland village, Ohio",393,396,395,392,391,389,386,385,384,382,381,378
"Sabina village, Ohio","2,564","2,615","2,607","2,611","2,606","2,608","2,602","2,595","2,595","2,596","2,595","2,579"
"St. Bernard village, Ohio","4,368","4,377","4,372","4,354","4,351","4,367","4,372","4,370","4,368","4,363","4,353","4,336"
"St. Clairsville city, Ohio","5,184","5,189","5,187","5,171","5,139","5,131","5,120","5,092","5,084","5,047","5,013","5,141"
"St. Henry village, Ohio","2,427","2,439","2,443","2,449","2,465","2,474","2,490","2,504","2,506","2,541","2,549","2,555"
"St. Louisville village, Ohio",373,371,371,371,371,372,375,374,376,381,384,386
"St. Marys city, Ohio","8,332","8,330","8,322","8,274","8,260","8,250","8,235","8,230","8,200","8,151","8,216","8,160"
"St. Paris village, Ohio","2,089","2,074","2,071","2,057","2,042","2,040","2,017","2,012","2,003","2,010","2,005","2,010"
"Salem city, Ohio","12,303","12,298","12,303","12,251","12,161","12,087","12,048","11,945","11,873","11,780","11,692","11,612"
"Salineville village, Ohio","1,311","1,307","1,306","1,301","1,289","1,280","1,274","1,262","1,249","1,237","1,227","1,218"
"Sandusky city, Ohio","25,793","25,919","25,882","25,751","25,635","25,478","25,340","25,147","24,977","24,832","24,687","24,564"
"Sarahsville village, Ohio",166,174,174,175,175,172,170,169,171,170,168,169
"Sardinia village, Ohio",980,"1,175","1,174","1,162","1,153","1,149","1,146","1,138","1,139","1,137","1,138","1,136"
"Savannah village, Ohio",413,414,414,416,415,413,413,413,413,413,418,415
"Scio village, Ohio",763,763,760,759,753,750,745,738,730,726,723,716
"Scott village, Ohio",286,286,286,284,283,279,278,278,276,275,276,273
"Seaman village, Ohio",944,930,930,926,922,914,914,907,903,901,898,895
"Sebring village, Ohio","4,420","4,411","4,401","4,382","4,355","4,337","4,317","4,290","4,257","4,240","4,215","4,186"
"Senecaville village, Ohio",457,463,463,461,460,458,457,455,452,450,451,449
"Seven Hills city, Ohio","11,804","11,799","11,784","11,735","11,707","11,714","11,708","11,690","11,672","11,639","11,618","11,590"
"Seven Mile village, Ohio",751,749,750,753,750,750,757,765,772,778,783,784
"Seville village, Ohio","2,296","2,308","2,310","2,323","2,327","2,343","2,363","2,367","2,381","2,398","2,412","2,425"
"Shadyside village, Ohio","3,785","3,740","3,738","3,725","3,698","3,688","3,679","3,654","3,640","3,601","3,572","3,547"
"Shaker Heights city, Ohio","28,448","28,466","28,410","28,217","28,081","28,004","27,889","27,737","27,586","27,393","27,215","27,027"
"Sharonville city, Ohio","13,560","13,443","13,439","13,407","13,414","13,434","13,493","13,700","13,705","13,703","13,710","13,684"
"Shawnee village, Ohio",655,655,655,656,651,651,647,647,646,642,641,642
"Shawnee Hills village, Ohio",681,677,682,694,705,723,742,757,774,789,806,820
"Sheffield village, Ohio","3,982","3,983","3,982","3,976","4,001","4,016","4,035","4,023","4,087","4,186","4,262","4,402"
"Sheffield Lake city, Ohio","9,137","9,137","9,132","9,105","9,078","9,065","9,058","9,030","9,007","8,974","8,963","8,916"
"Shelby city, Ohio","9,317","9,328","9,301","9,225","9,189","9,153","9,117","9,083","9,044","9,015","9,027","9,031"
"Sherrodsville village, Ohio",304,304,304,304,302,296,295,291,290,287,282,280
"Sherwood village, Ohio",827,827,826,822,819,815,817,811,807,806,807,811
"Shiloh village, Ohio",649,640,638,631,630,628,624,622,621,617,618,619
"Shreve village, Ohio","1,514","1,522","1,519","1,519","1,518","1,519","1,523","1,525","1,529","1,527","1,521","1,520"
"Sidney city, Ohio","21,229","21,219","21,159","21,046","20,938","20,891","20,774","20,765","20,617","20,585","20,491","20,449"
"Silver Lake village, Ohio","2,519","2,522","2,521","2,512","2,506","2,511","2,513","2,507","2,499","2,502","2,499","2,494"
"Silverton village, Ohio","4,788","4,775","4,774","4,763","4,768","4,781","4,778","4,767","4,763","4,756","4,744","4,727"
"Sinking Spring village, Ohio",133,134,134,133,132,133,133,132,133,130,133,133
"Smithfield village, Ohio",869,852,852,842,835,829,827,821,815,804,797,790
"Smithville village, Ohio","1,252","1,250","1,248","1,248","1,251","1,256","1,260","1,262","1,266","1,263","1,257","1,259"
"Solon city, Ohio","23,348","23,360","23,330","23,228","23,164","23,157","23,132","23,090","23,079","22,967","22,876","22,779"
"Somerset village, Ohio","1,481","1,482","1,482","1,485","1,473","1,470","1,465","1,462","1,460","1,460","1,456","1,455"
"South Amherst village, Ohio","1,688","1,715","1,715","1,714","1,709","1,714","1,706","1,703","1,698","1,690","1,686","1,675"
"South Bloomfield village, Ohio","1,744","1,790","1,796","1,820","1,831","1,853","1,884","1,933","1,949","1,965","1,969","1,979"
"South Charleston village, Ohio","1,693","1,681","1,680","1,674","1,664","1,658","1,652","1,646","1,635","1,625","1,621","1,619"
"South Euclid city, Ohio","22,295","22,288","22,251","22,127","22,028","21,982","21,912","21,826","21,717","21,577","21,440","21,297"
"South Lebanon village, Ohio","4,115","4,109","4,126","4,170","4,233","4,274","4,338","4,382","4,442","4,514","4,601","4,668"
"South Point village, Ohio","3,958","3,958","3,958","3,965","3,957","3,940","3,938","3,899","3,896","3,853","3,854","3,839"
"South Russell village, Ohio","3,810","3,822","3,821","3,815","3,829","3,828","3,821","3,810","3,799","3,786","3,770","3,744"
"South Salem village, Ohio",204,204,204,204,201,204,203,201,201,200,201,201
"South Solon village, Ohio",355,355,355,354,353,356,359,360,356,358,361,364
"South Vienna village, Ohio",384,416,416,412,413,411,408,406,404,402,401,400
"South Webster village, Ohio",866,870,870,865,859,852,843,832,825,814,808,805
"South Zanesville village, Ohio","1,989","1,986","1,987","1,988","1,982","1,978","1,983","1,989","1,987","1,992","2,083","2,095"
"Sparta village, Ohio",161,161,161,161,161,161,161,159,158,158,160,160
"Spencer village, Ohio",753,753,755,758,758,764,769,772,776,780,785,789
"Spencerville village, Ohio","2,223","2,225","2,223","2,226","2,217","2,223","2,225","2,211","2,194","2,182","2,169","2,161"
"Springboro city, Ohio","17,409","17,366","17,402","17,499","17,578","17,789","18,007","18,147","18,395","18,600","18,774","18,931"
"Springdale city, Ohio","11,223","11,224","11,219","11,185","11,192","11,212","11,220","11,200","11,229","11,222","11,191","11,166"
"Springfield city, Ohio","60,608","60,563","60,531","60,267","60,079","59,872","59,730","59,449","58,906","59,168","59,263","58,877"
"Spring Valley village, Ohio",479,476,476,481,482,481,482,485,485,490,494,499
"Stafford village, Ohio",81,81,81,81,81,81,80,78,77,76,75,75
"Steubenville city, Ohio","18,659","18,659","18,650","18,578","18,468","18,384","18,333","18,242","18,062","17,996","17,872","17,753"
"Stockport village, Ohio",503,508,508,506,501,499,494,494,492,489,485,483
"Stone Creek village, Ohio",177,177,177,177,177,175,175,175,175,174,173,171
"Stoutsville village, Ohio",560,565,566,565,564,561,563,564,564,567,565,565
"Stow city, Ohio","34,837","34,837","34,821","34,719","34,652","34,743","34,790","34,778","34,730","34,794","34,825","34,785"
"Strasburg village, Ohio","2,608","2,608","2,609","2,614","2,617","2,640","2,653","2,676","2,678","2,679","2,680","2,688"
"Stratton village, Ohio",294,294,294,291,289,288,285,284,282,281,279,275
"Streetsboro city, Ohio","16,028","16,023","16,043","16,169","16,118","16,197","16,311","16,362","16,356","16,390","16,466","16,478"
"Strongsville city, Ohio","44,750","44,750","44,714","44,592","44,578","44,691","44,720","44,706","44,735","44,706","44,772","44,660"
"Struthers city, Ohio","10,713","10,715","10,693","10,644","10,564","10,512","10,464","10,389","10,304","10,253","10,191","10,111"
"Stryker village, Ohio","1,335","1,343","1,338","1,342","1,341","1,336","1,327","1,318","1,315","1,305","1,304","1,300"
"Sugar Bush Knolls village, Ohio",177,185,185,185,183,184,184,186,185,184,184,183
"Sugarcreek village, Ohio","2,220","2,218","2,220","2,215","2,212","2,212","2,223","2,223","2,213","2,213","2,219","2,234"
"Sugar Grove village, Ohio",426,426,426,425,424,424,423,424,426,426,426,426
"Summerfield village, Ohio",254,254,254,256,255,252,251,249,249,248,248,248
"Summitville village, Ohio",135,132,132,132,131,130,130,126,125,124,123,123
"Sunbury village, Ohio","4,389","4,405","4,441","4,567","4,632","4,750","4,936","5,126","5,249","5,305","5,884","6,367"
"Swanton village, Ohio","3,690","3,844","3,839","3,825","3,832","3,825","3,845","3,836","3,829","3,841","3,850","3,858"
"Sycamore village, Ohio",861,856,855,853,850,844,837,832,828,827,820,814
"Sylvania city, Ohio","18,965","19,095","19,082","19,013","18,977","19,012","19,038","19,029","19,073","19,124","19,201","19,311"
"Syracuse village, Ohio",826,829,828,826,821,817,813,813,812,813,817,816
"Tallmadge city, Ohio","17,537","17,545","17,536","17,522","17,515","17,572","17,587","17,560","17,526","17,540","17,535","17,519"
"Tarlton village, Ohio",282,282,283,284,281,281,283,286,287,287,288,290
"Terrace Park village, Ohio","2,251","2,253","2,252","2,251","2,258","2,268","2,277","2,276","2,285","2,292","2,295","2,295"
"The Village of Indian Hill city, Ohio","5,785","5,712","5,710","5,705","5,718","5,736","5,751","5,754","5,767","5,777","5,782","5,786"
"Thornville village, Ohio",991,995,995,"1,000",993,993,992,994,992,994,"1,001","1,008"
"Thurston village, Ohio",604,604,605,604,603,602,602,603,603,606,606,604
"Tiffin city, Ohio","17,963","17,962","17,935","17,952","17,840","17,745","17,747","17,658","17,556","17,556","17,550","17,582"
"Tiltonsville village, Ohio","1,372","1,372","1,369","1,354","1,344","1,335","1,328","1,322","1,314","1,296","1,285","1,274"
"Timberlake village, Ohio",675,675,675,672,670,667,665,660,655,656,651,648
"Tipp City city, Ohio","9,689","9,672","9,671","9,699","9,718","9,748","9,810","9,834","9,881","9,944","10,024","10,115"
"Tiro village, Ohio",280,280,280,277,274,271,269,269,268,266,262,262
"Toledo city, Ohio","287,208","287,357","287,065","285,425","283,185","282,352","280,712","279,898","278,897","276,688","274,864","272,779"
"Tontogany village, Ohio",367,370,370,372,374,375,379,377,378,381,381,382
"Toronto city, Ohio","5,091","5,300","5,294","5,234","5,192","5,160","5,133","5,098","5,060","5,006","4,957","4,923"
"Tremont City village, Ohio",375,377,377,376,371,370,367,368,363,361,358,357
"Trenton city, Ohio","11,869","11,881","11,944","12,090","12,227","12,336","12,474","12,625","12,779","12,924","13,014","13,141"
"Trimble village, Ohio",390,401,401,401,399,402,403,406,406,408,405,404
"Trotwood city, Ohio","24,431","24,431","24,435","24,397","24,385","24,381","24,340","24,323","24,346","24,376","24,401","24,403"
"Troy city, Ohio","25,058","25,179","25,177","25,240","25,290","25,363","25,519","25,574","25,692","25,848","26,052","26,281"
"Tuscarawas village, Ohio","1,056","1,056","1,056","1,053","1,053","1,055","1,056","1,055","1,057","1,051","1,050","1,053"
"Twinsburg city, Ohio","18,795","18,510","18,508","18,460","18,456","18,544","18,556","18,573","18,585","18,685","18,762","18,856"
"Uhrichsville city, Ohio","5,413","5,413","5,407","5,402","5,394","5,399","5,393","5,394","5,376","5,354","5,327","5,314"
"Union city, Ohio","6,419","6,448","6,449","6,440","6,442","6,444","6,448","6,532","6,607","6,642","6,773","6,891"
"Union City village, Ohio","1,666","1,666","1,666","1,655","1,650","1,642","1,636","1,627","1,614","1,609","1,598","1,588"
"Unionville Center village, Ohio",233,237,237,238,238,236,234,233,234,235,235,229
"University Heights city, Ohio","13,539","13,539","13,516","13,513","13,442","13,403","13,231","13,225","13,164","13,019","12,920","12,797"
"Upper Arlington city, Ohio","33,771","33,666","33,698","33,932","34,310","34,599","34,787","35,042","35,211","35,405","35,429","35,366"
"Upper Sandusky city, Ohio","6,596","6,602","6,594","6,646","6,625","6,609","6,570","6,544","6,517","6,517","6,476","6,440"
"Urbana city, Ohio","11,793","11,872","11,893","11,815","11,749","11,684","11,568","11,524","11,399","11,410","11,381","11,404"
"Urbancrest village, Ohio",960,952,953,958,968,977,980,987,990,996,997,993
"Utica village, Ohio","2,132","2,145","2,147","2,143","2,145","2,155","2,168","2,182","2,198","2,216","2,243","2,260"
"Valley Hi village, Ohio",212,214,215,213,214,215,215,213,215,216,218,218
"Valley View village, Ohio","2,034","2,034","2,031","2,022","2,021","2,020","2,016","2,013","2,006","2,004","2,001","1,997"
"Valleyview village, Ohio",620,616,617,619,626,629,633,635,637,640,638,638
"Van Buren village, Ohio",328,324,323,326,330,342,352,366,382,422,463,500
"Vandalia city, Ohio","15,246","15,256","15,260","15,222","15,198","15,170","15,120","15,087","15,065","15,042","15,026","14,997"
"Vanlue village, Ohio",359,362,361,361,363,361,361,362,361,359,357,355
"Van Wert city, Ohio","10,846","10,857","10,827","10,812","10,824","10,745","10,732","10,721","10,659","10,686","10,675","10,676"
"Venedocia village, Ohio",124,124,124,124,123,121,121,119,120,119,120,119
"Vermilion city, Ohio","10,594","10,587","10,576","10,534","10,504","10,469","10,457","10,401","10,388","10,446","10,427","10,394"
"Verona village, Ohio",494,496,495,493,489,488,485,483,481,481,479,478
"Versailles village, Ohio","2,687","2,687","2,687","2,671","2,662","2,648","2,640","2,625","2,602","2,595","2,576","2,560"
"Vinton village, Ohio",222,217,217,217,217,216,212,212,212,212,210,210
"Wadsworth city, Ohio","21,567","21,562","21,681","21,922","22,056","22,292","22,597","22,768","23,093","23,443","23,755","24,046"
"Waite Hill village, Ohio",471,471,471,470,467,466,465,461,459,459,456,455
"Wakeman village, Ohio","1,047","1,047","1,050","1,045","1,042","1,033","1,034","1,028","1,028","1,028","1,029","1,032"
"Walbridge village, Ohio","3,019","3,014","3,015","3,033","3,054","3,076","3,089","3,099","3,112","3,123","3,138","3,153"
"Waldo village, Ohio",338,339,339,337,332,330,329,326,324,325,325,324
"Walton Hills village, Ohio","2,281","2,281","2,278","2,266","2,258","2,253","2,249","2,244","2,298","2,288","2,281","2,269"
"Wapakoneta city, Ohio","9,867","9,869","9,861","9,818","9,818","9,819","9,805","9,799","9,801","9,788","9,731","9,698"
"Warren city, Ohio","41,557","41,584","41,481","41,031","40,693","40,697","40,540","40,113","39,818","39,437","38,371","38,752"
"Warrensville Heights city, Ohio","13,542","13,542","13,521","13,438","13,381","13,352","13,308","13,252","13,265","13,241","13,193","13,108"
"Warsaw village, Ohio",682,696,695,696,692,691,688,687,688,687,688,693
"Washington Court House city, Ohio","14,192","14,234","14,229","14,170","14,128","14,097","14,100","14,084","14,140","14,131","14,137","14,091"
"Washingtonville village, Ohio",801,801,800,798,791,786,782,774,768,761,756,750
"Waterville city, Ohio","5,523","5,512","5,507","5,484","5,471","5,476","5,481","5,474","5,482","5,494","5,510","5,539"
"Wauseon city, Ohio","7,332","7,389","7,402","7,356","7,346","7,317","7,360","7,349","7,413","7,408","7,417","7,410"
"Waverly village, Ohio",(X),"4,406","4,410","4,390","4,370","4,352","4,335","4,319","4,308","4,299","4,268","4,236"
"Wayne village, Ohio",887,887,887,894,899,905,911,912,914,918,919,921
"Wayne Lakes village, Ohio",718,717,717,713,711,707,704,700,694,692,687,682
"Waynesburg village, Ohio",923,918,917,914,915,917,918,917,915,912,909,908
"Waynesfield village, Ohio",847,842,841,834,834,830,828,824,828,824,817,817
"Waynesville village, Ohio","2,834","2,813","2,823","2,853","2,892","2,921","2,963","2,992","3,031","3,080","3,134","3,181"
"Wellington village, Ohio","4,802","4,807","4,807","4,816","4,818","4,834","4,859","4,869","4,882","4,886","4,906","4,912"
"Wellston city, Ohio","5,663","5,662","5,670","5,648","5,606","5,591","5,581","5,546","5,536","5,503","5,492","5,507"
"Wellsville village, Ohio","3,541","3,541","3,541","3,521","3,495","3,471","3,456","3,421","3,387","3,356","3,328","3,306"
"West Alexandria village, Ohio","1,340","1,379","1,376","1,368","1,361","1,358","1,350","1,342","1,337","1,333","1,328","1,325"
"West Carrollton city, Ohio","13,143","13,148","13,146","13,112","13,087","13,054","12,999","12,966","12,945","12,925","12,901","12,864"
"West Elkton village, Ohio",197,197,196,196,195,194,191,190,189,189,189,188
"Westerville city, Ohio","36,120","36,264","36,478","36,959","37,405","37,819","37,983","38,670","39,185","39,836","40,332","41,103"
"West Farmington village, Ohio",499,517,516,512,508,506,503,499,493,489,487,484
"Westfield Center village, Ohio","1,115","1,119","1,120","1,128","1,129","1,138","1,148","1,150","1,155","1,166","1,173","1,179"
"West Jefferson village, Ohio","4,222","4,230","4,225","4,220","4,207","4,242","4,292","4,307","4,312","4,371","4,417","4,431"
"West Lafayette village, Ohio","2,321","2,326","2,327","2,327","2,321","2,314","2,301","2,304","2,306","2,300","2,305","2,307"
"Westlake city, Ohio","32,729","32,729","32,686","32,532","32,469","32,453","32,476","32,461","32,366","32,269","32,173","32,032"
"West Leipsic village, Ohio",206,202,202,201,200,197,196,195,195,193,192,190
"West Liberty village, Ohio","1,805","1,802","1,800","1,796","1,788","1,788","1,790","1,783","1,779","1,781","1,786","1,799"
"West Manchester village, Ohio",474,468,467,465,460,459,457,454,453,449,448,446
"West Mansfield village, Ohio",682,681,679,677,675,677,677,674,669,673,673,678
"West Millgrove village, Ohio",174,174,174,175,176,177,177,175,175,176,176,176
"West Milton village, Ohio","4,630","4,627","4,628","4,637","4,645","4,658","4,686","4,697","4,718","4,746","4,786","4,828"
"Weston village, Ohio","1,590","1,590","1,591","1,597","1,606","1,618","1,624","1,629","1,632","1,636","1,642","1,647"
"West Rushville village, Ohio",134,143,143,143,143,143,144,144,142,143,143,143
"West Salem village, Ohio","1,464","1,494","1,492","1,492","1,495","1,502","1,507","1,512","1,516","1,514","1,511","1,511"
"West Union village, Ohio","3,241","3,249","3,247","3,239","3,222","3,199","3,195","3,177","3,165","3,158","3,160","3,161"
"West Unity village, Ohio","1,671","1,712","1,704","1,708","1,705","1,700","1,686","1,675","1,674","1,668","1,669","1,672"
"Wharton village, Ohio",358,359,359,358,356,353,350,348,346,345,343,338
"Whitehall city, Ohio","18,062","18,135","18,155","18,282","18,454","18,604","18,682","18,802","18,888","18,962","18,964","18,926"
"Whitehouse village, Ohio","4,149","4,133","4,129","4,213","4,256","4,325","4,383","4,444","4,535","4,732","4,791","4,845"
"Wickliffe city, Ohio","12,750","12,756","12,757","12,754","12,729","12,737","12,729","12,736","12,721","12,747","12,743","12,744"
"Wilkesville village, Ohio",149,149,149,149,147,148,147,144,143,144,144,144
"Willard city, Ohio","6,236","6,241","6,231","6,210","6,180","6,135","6,088","6,051","6,046","6,040","6,030","6,016"
"Williamsburg village, Ohio","2,490","2,477","2,480","2,494","2,501","2,512","2,518","2,524","2,536","2,548","2,561","2,569"
"Williamsport village, Ohio","1,023","1,036","1,039","1,040","1,039","1,036","1,041","1,052","1,055","1,062","1,068","1,074"
"Willoughby city, Ohio","22,268","22,242","22,259","22,307","22,330","22,451","22,480","22,649","22,858","22,879","22,952","22,977"
"Willoughby Hills city, Ohio","9,485","9,486","9,486","9,501","9,496","9,511","9,487","9,502","9,507","9,552","9,556","9,553"
"Willowick city, Ohio","14,171","14,178","14,175","14,171","14,157","14,163","14,166","14,167","14,123","14,152","14,119","14,105"
"Willshire village, Ohio",397,397,396,395,392,388,386,386,384,383,383,381
"Wilmington city, Ohio","12,520","12,517","12,481","12,477","12,431","12,415","12,360","12,416","12,377","12,397","12,416","12,366"
"Wilmot village, Ohio",304,314,314,313,313,311,310,309,308,306,305,304
"Wilson village, Ohio",125,125,125,125,124,125,124,121,119,118,118,116
"Winchester village, Ohio","1,051","1,044","1,044","1,040","1,035","1,027","1,027","1,019","1,015","1,012","1,007","1,006"
"Windham village, Ohio","2,209","2,221","2,220","2,223","2,202","2,209","2,215","2,214","2,207","2,205","2,207","2,202"
"Wintersville village, Ohio","3,924","3,924","3,923","3,882","3,854","3,839","3,820","3,800","3,770","3,726","3,692","3,669"
"Woodlawn village, Ohio","3,294","3,334","3,333","3,323","3,326","3,333","3,342","3,336","3,336","3,334","3,370","3,402"
"Woodmere village, Ohio",884,884,883,879,874,874,872,868,865,861,859,853
"Woodsfield village, Ohio","2,384","2,381","2,377","2,377","2,359","2,359","2,335","2,318","2,289","2,264","2,239","2,217"
"Woodstock village, Ohio",305,301,300,304,299,299,296,295,294,291,291,291
"Woodville village, Ohio","2,135","2,135","2,133","2,119","2,111","2,097","2,086","2,071","2,059","2,046","2,029","2,016"
"Wooster city, Ohio","26,119","26,177","26,134","26,349","26,539","26,580","26,740","26,858","26,993","26,641","26,520","26,394"
"Worthington city, Ohio","13,575","13,569","13,582","13,677","13,807","13,920","14,463","14,556","14,628","14,686","14,696","14,692"
"Wren village, Ohio",194,194,193,193,192,189,189,187,187,187,185,187
"Wyoming city, Ohio","8,428","8,420","8,418","8,402","8,413","8,451","8,488","8,498","8,527","8,549","8,564","8,562"
"Xenia city, Ohio","25,719","25,643","25,655","25,949","26,034","25,977","26,053","26,147","26,275","26,535","26,728","26,947"
"Yankee Lake village, Ohio",79,79,79,79,78,78,77,77,76,75,75,75
"Yellow Springs village, Ohio","3,487","3,509","3,510","3,583","3,659","3,650","3,688","3,735","3,743","3,736","3,697","3,744"
"Yorkshire village, Ohio",96,96,96,96,100,104,108,115,118,123,129,139
"Yorkville village, Ohio","1,079","1,075","1,075","1,064","1,057","1,054","1,047","1,041","1,034","1,024","1,013","1,005"
"Youngstown city, Ohio","66,982","66,946","66,876","66,556","66,056","65,470","65,142","64,687","64,335","64,540","64,860","65,469"
"Zaleski village, Ohio",278,278,278,277,274,274,275,270,270,271,272,271
"Zanesfield village, Ohio",197,197,196,196,195,194,194,193,192,194,194,196
"Zanesville city, Ohio","25,487","25,316","25,354","25,352","25,247","25,167","25,210","25,278","25,182","25,204","25,166","25,158"
"Zoar village, Ohio",169,169,169,171,173,175,177,177,177,176,178,178